created_data	Etapa	status	MARC_PLURIX	Contagem de CPF
01/01/2026	0. Etapa de Digitação de CPF		0	1.389
02/01/2026	0. Etapa de Digitação de CPF		0	3.925
03/01/2026	0. Etapa de Digitação de CPF		0	3.417
04/01/2026	0. Etapa de Digitação de CPF		0	2.968
05/01/2026	0. Etapa de Digitação de CPF		0	3.031
06/01/2026	0. Etapa de Digitação de CPF		0	2.452
07/01/2026	0. Etapa de Digitação de CPF		0	2.340
08/01/2026	0. Etapa de Digitação de CPF		0	2.092
09/01/2026	0. Etapa de Digitação de CPF		0	2.119
10/01/2026	0. Etapa de Digitação de CPF		0	1.796
11/01/2026	0. Etapa de Digitação de CPF		0	1.666
12/01/2026	0. Etapa de Digitação de CPF		0	1.893
13/01/2026	0. Etapa de Digitação de CPF		0	2.209
14/01/2026	0. Etapa de Digitação de CPF		0	2.098
15/01/2026	0. Etapa de Digitação de CPF		0	2.113
16/01/2026	0. Etapa de Digitação de CPF		0	1.855
17/01/2026	0. Etapa de Digitação de CPF		0	1.748
18/01/2026	0. Etapa de Digitação de CPF		0	1.603
19/01/2026	0. Etapa de Digitação de CPF		0	1.942
20/01/2026	0. Etapa de Digitação de CPF		0	2.302
21/01/2026	0. Etapa de Digitação de CPF		0	2.477
22/01/2026	0. Etapa de Digitação de CPF		0	2.313
23/01/2026	0. Etapa de Digitação de CPF		0	2.074
24/01/2026	0. Etapa de Digitação de CPF		0	1.798
25/01/2026	0. Etapa de Digitação de CPF		0	1.719
26/01/2026	0. Etapa de Digitação de CPF		0	2.171
27/01/2026	0. Etapa de Digitação de CPF		0	1.761
28/01/2026	0. Etapa de Digitação de CPF		0	1.593
29/01/2026	0. Etapa de Digitação de CPF		0	1.664
30/01/2026	0. Etapa de Digitação de CPF		0	1.721
31/01/2026	0. Etapa de Digitação de CPF		0	1.435
01/02/2026	0. Etapa de Digitação de CPF		0	1.255
02/02/2026	0. Etapa de Digitação de CPF		0	1.513
03/02/2026	0. Etapa de Digitação de CPF		0	1.551
04/02/2026	0. Etapa de Digitação de CPF		0	1.485
05/02/2026	0. Etapa de Digitação de CPF		0	1.545
06/02/2026	0. Etapa de Digitação de CPF		0	1.511
07/02/2026	0. Etapa de Digitação de CPF		0	1.348
08/02/2026	0. Etapa de Digitação de CPF		0	1.305
09/02/2026	0. Etapa de Digitação de CPF		0	1.932
10/02/2026	0. Etapa de Digitação de CPF		0	1.579
11/02/2026	0. Etapa de Digitação de CPF		0	1.435
12/02/2026	0. Etapa de Digitação de CPF		0	1.343
13/02/2026	0. Etapa de Digitação de CPF		0	1.189
14/02/2026	0. Etapa de Digitação de CPF		0	1.090
15/02/2026	0. Etapa de Digitação de CPF		0	1.044
16/02/2026	0. Etapa de Digitação de CPF		0	1.219
17/02/2026	0. Etapa de Digitação de CPF		0	1.249
18/02/2026	0. Etapa de Digitação de CPF		0	1.289
19/02/2026	0. Etapa de Digitação de CPF		0	1.470
20/02/2026	0. Etapa de Digitação de CPF		0	1.535
21/02/2026	0. Etapa de Digitação de CPF		0	1.604
22/02/2026	0. Etapa de Digitação de CPF		0	1.584
23/02/2026	0. Etapa de Digitação de CPF		0	1.514
24/02/2026	0. Etapa de Digitação de CPF		0	1.207
25/02/2026	0. Etapa de Digitação de CPF		0	1.151
26/02/2026	0. Etapa de Digitação de CPF		0	1.076
27/02/2026	0. Etapa de Digitação de CPF		0	1.297
28/02/2026	0. Etapa de Digitação de CPF		0	1.174
01/03/2026	0. Etapa de Digitação de CPF		0	981
02/03/2026	0. Etapa de Digitação de CPF		0	1.024
03/03/2026	0. Etapa de Digitação de CPF		0	949
04/03/2026	0. Etapa de Digitação de CPF		0	1.024
05/03/2026	0. Etapa de Digitação de CPF		0	939
06/03/2026	0. Etapa de Digitação de CPF		0	994
07/03/2026	0. Etapa de Digitação de CPF		0	871
08/03/2026	0. Etapa de Digitação de CPF		0	644
09/03/2026	0. Etapa de Digitação de CPF		0	931
10/03/2026	0. Etapa de Digitação de CPF		0	1.047
11/03/2026	0. Etapa de Digitação de CPF		0	1.081
12/03/2026	0. Etapa de Digitação de CPF		0	1.036
13/03/2026	0. Etapa de Digitação de CPF		0	973
14/03/2026	0. Etapa de Digitação de CPF		0	806
15/03/2026	0. Etapa de Digitação de CPF		0	758
16/03/2026	0. Etapa de Digitação de CPF		0	992
17/03/2026	0. Etapa de Digitação de CPF		0	1.052
18/03/2026	0. Etapa de Digitação de CPF		0	1.088
19/03/2026	0. Etapa de Digitação de CPF		0	1.066
20/03/2026	0. Etapa de Digitação de CPF		0	1.041
21/03/2026	0. Etapa de Digitação de CPF		0	945
22/03/2026	0. Etapa de Digitação de CPF		0	866
23/03/2026	0. Etapa de Digitação de CPF		0	979
24/03/2026	0. Etapa de Digitação de CPF		0	1.139
25/03/2026	0. Etapa de Digitação de CPF		0	964
26/03/2026	0. Etapa de Digitação de CPF		0	970
27/03/2026	0. Etapa de Digitação de CPF		0	1.283
28/03/2026	0. Etapa de Digitação de CPF		0	1.302
29/03/2026	0. Etapa de Digitação de CPF		0	1.099
30/03/2026	0. Etapa de Digitação de CPF		0	1.220
31/03/2026	0. Etapa de Digitação de CPF		0	1.843
01/04/2026	0. Etapa de Digitação de CPF		0	1.342
02/04/2026	0. Etapa de Digitação de CPF		0	1.133
03/04/2026	0. Etapa de Digitação de CPF		0	1.078
04/04/2026	0. Etapa de Digitação de CPF		0	1.038
05/04/2026	0. Etapa de Digitação de CPF		0	652
06/04/2026	0. Etapa de Digitação de CPF		0	984
07/04/2026	0. Etapa de Digitação de CPF		0	1.062
08/04/2026	0. Etapa de Digitação de CPF		0	1.198
09/04/2026	0. Etapa de Digitação de CPF		0	1.195
10/04/2026	0. Etapa de Digitação de CPF		0	1.029
11/04/2026	0. Etapa de Digitação de CPF		0	935
12/04/2026	0. Etapa de Digitação de CPF		0	869
13/04/2026	0. Etapa de Digitação de CPF		0	1.033
14/04/2026	0. Etapa de Digitação de CPF		0	1.106
15/04/2026	0. Etapa de Digitação de CPF		0	997
16/04/2026	0. Etapa de Digitação de CPF		0	1.005
17/04/2026	0. Etapa de Digitação de CPF		0	900
18/04/2026	0. Etapa de Digitação de CPF		0	871
19/04/2026	0. Etapa de Digitação de CPF		0	744
20/04/2026	0. Etapa de Digitação de CPF		0	1.753
21/04/2026	0. Etapa de Digitação de CPF		0	1.186
22/04/2026	0. Etapa de Digitação de CPF		0	1.067
23/04/2026	0. Etapa de Digitação de CPF		0	1.647
24/04/2026	0. Etapa de Digitação de CPF		0	1.821
25/04/2026	0. Etapa de Digitação de CPF		0	1.323
26/04/2026	0. Etapa de Digitação de CPF		0	986
27/04/2026	0. Etapa de Digitação de CPF		0	1.143
28/04/2026	0. Etapa de Digitação de CPF		0	1.113
29/04/2026	0. Etapa de Digitação de CPF		0	1.105
30/04/2026	0. Etapa de Digitação de CPF		0	1.011
01/05/2026	0. Etapa de Digitação de CPF		0	924
02/05/2026	0. Etapa de Digitação de CPF		0	945
03/05/2026	0. Etapa de Digitação de CPF		0	736
04/05/2026	0. Etapa de Digitação de CPF		0	893
05/05/2026	0. Etapa de Digitação de CPF		0	952
06/05/2026	0. Etapa de Digitação de CPF		0	928
07/05/2026	0. Etapa de Digitação de CPF		0	868
08/05/2026	0. Etapa de Digitação de CPF		0	898
09/05/2026	0. Etapa de Digitação de CPF		0	885
10/05/2026	0. Etapa de Digitação de CPF		0	630
11/05/2026	0. Etapa de Digitação de CPF		0	790
12/05/2026	0. Etapa de Digitação de CPF		0	1.084
13/05/2026	0. Etapa de Digitação de CPF		0	983
14/05/2026	0. Etapa de Digitação de CPF		0	901
15/05/2026	0. Etapa de Digitação de CPF		0	841
16/05/2026	0. Etapa de Digitação de CPF		0	814
17/05/2026	0. Etapa de Digitação de CPF		0	753
18/05/2026	0. Etapa de Digitação de CPF		0	835
19/05/2026	0. Etapa de Digitação de CPF		0	863
20/05/2026	0. Etapa de Digitação de CPF		0	940
21/05/2026	0. Etapa de Digitação de CPF		0	966
22/05/2026	0. Etapa de Digitação de CPF		0	894
23/05/2026	0. Etapa de Digitação de CPF		0	748
23/05/2026	1. Etapa de início do onboarding		0	736
23/05/2026	1. Etapa de início do onboarding	APROVADO	NAO	429
23/05/2026	2. Etapa de geolocalizacao	APROVADO	NAO	1
23/05/2026	2. Etapa de geolocalizacao	APROVADO	SIM	16
23/05/2026	3. Etapa de fotos do documento	APROVADO	NAO	1
23/05/2026	3. Etapa de fotos do documento	APROVADO	SIM	19
23/05/2026	4. Etapa de biometria	APROVADO	NAO	1
23/05/2026	4. Etapa de biometria	APROVADO	SIM	19
23/05/2026	5. Etapa de endereço	APROVADO	NAO	1
23/05/2026	5. Etapa de endereço	APROVADO	SIM	19
23/05/2026	6. Etapa de personalização do cartão	APROVADO	NAO	1
23/05/2026	6. Etapa de personalização do cartão	APROVADO	SIM	19
23/05/2026	7. Etapa de assinatura do contrato	APROVADO	NAO	1
23/05/2026	7. Etapa de assinatura do contrato	APROVADO	SIM	19
23/05/2026	8. Etapa de Conclusão Total Cartao Afinz	APROVADO	NAO	1
23/05/2026	8. Etapa de Conclusão Total Cartao Afinz	APROVADO	SIM	19
24/05/2026	0. Etapa de Digitação de CPF		0	678
24/05/2026	1. Etapa de início do onboarding		0	730
24/05/2026	1. Etapa de início do onboarding	APROVADO	NAO	1.563
24/05/2026	2. Etapa de geolocalizacao	APROVADO	NAO	25
24/05/2026	2. Etapa de geolocalizacao	APROVADO	SIM	57
24/05/2026	3. Etapa de fotos do documento	APROVADO	NAO	14
24/05/2026	3. Etapa de fotos do documento	APROVADO	SIM	48
24/05/2026	4. Etapa de biometria	APROVADO	NAO	14
24/05/2026	4. Etapa de biometria	APROVADO	SIM	46
24/05/2026	5. Etapa de endereço	APROVADO	NAO	14
24/05/2026	5. Etapa de endereço	APROVADO	SIM	46
24/05/2026	6. Etapa de personalização do cartão	APROVADO	NAO	14
24/05/2026	6. Etapa de personalização do cartão	APROVADO	SIM	46
24/05/2026	7. Etapa de assinatura do contrato	APROVADO	NAO	13
24/05/2026	7. Etapa de assinatura do contrato	APROVADO	SIM	46
24/05/2026	7.1 Finalização (automática)	APROVADO	SIM	2
24/05/2026	8. Etapa de Conclusão Total Cartao Afinz	APROVADO	NAO	13
24/05/2026	8. Etapa de Conclusão Total Cartao Afinz	APROVADO	SIM	44
24/05/2026	Perda	APROVADO	NAO	4
25/05/2026	0. Etapa de Digitação de CPF		0	798
25/05/2026	1. Etapa de início do onboarding		0	991
25/05/2026	1. Etapa de início do onboarding	APROVADO	NAO	2.244
25/05/2026	2. Etapa de geolocalizacao	APROVADO	NAO	13
25/05/2026	2. Etapa de geolocalizacao	APROVADO	SIM	60
25/05/2026	3. Etapa de fotos do documento	APROVADO	NAO	10
25/05/2026	3. Etapa de fotos do documento	APROVADO	SIM	51
25/05/2026	4. Etapa de biometria	APROVADO	NAO	9
25/05/2026	4. Etapa de biometria	APROVADO	SIM	51
25/05/2026	5. Etapa de endereço	APROVADO	NAO	9
25/05/2026	5. Etapa de endereço	APROVADO	SIM	51
25/05/2026	6. Etapa de personalização do cartão	APROVADO	NAO	9
25/05/2026	6. Etapa de personalização do cartão	APROVADO	SIM	51
25/05/2026	7. Etapa de assinatura do contrato	APROVADO	NAO	9
25/05/2026	7. Etapa de assinatura do contrato	APROVADO	SIM	51
25/05/2026	7.1 Finalização (automática)	APROVADO	SIM	1
25/05/2026	8. Etapa de Conclusão Total Cartao Afinz	APROVADO	NAO	9
25/05/2026	8. Etapa de Conclusão Total Cartao Afinz	APROVADO	SIM	50
25/05/2026	Perda	APROVADO	NAO	4
26/05/2026	0. Etapa de Digitação de CPF		0	1.098
26/05/2026	1. Etapa de início do onboarding		0	994
26/05/2026	1. Etapa de início do onboarding	APROVADO	NAO	2.214
26/05/2026	2. Etapa de geolocalizacao	APROVADO	NAO	21
26/05/2026	2. Etapa de geolocalizacao	APROVADO	SIM	62
26/05/2026	3. Etapa de fotos do documento	APROVADO	NAO	18
26/05/2026	3. Etapa de fotos do documento	APROVADO	SIM	52
26/05/2026	4. Etapa de biometria	APROVADO	NAO	14
26/05/2026	4. Etapa de biometria	APROVADO	SIM	48
26/05/2026	5. Etapa de endereço	APROVADO	NAO	14
26/05/2026	5. Etapa de endereço	APROVADO	SIM	48
26/05/2026	6. Etapa de personalização do cartão	APROVADO	NAO	14
26/05/2026	6. Etapa de personalização do cartão	APROVADO	SIM	48
26/05/2026	7. Etapa de assinatura do contrato	APROVADO	NAO	12
26/05/2026	7. Etapa de assinatura do contrato	APROVADO	SIM	45
26/05/2026	7.1 Finalização (automática)	APROVADO	SIM	1
26/05/2026	8. Etapa de Conclusão Total Cartao Afinz	APROVADO	NAO	12
26/05/2026	8. Etapa de Conclusão Total Cartao Afinz	APROVADO	SIM	44
26/05/2026	Perda	APROVADO	NAO	6
27/05/2026	0. Etapa de Digitação de CPF		0	974
27/05/2026	1. Etapa de início do onboarding		0	923
27/05/2026	1. Etapa de início do onboarding	APROVADO	NAO	1.988
27/05/2026	2. Etapa de geolocalizacao	APROVADO	NAO	41
27/05/2026	2. Etapa de geolocalizacao	APROVADO	SIM	51
27/05/2026	3. Etapa de fotos do documento	APROVADO	NAO	26
27/05/2026	3. Etapa de fotos do documento	APROVADO	SIM	51
27/05/2026	4. Etapa de biometria	APROVADO	NAO	25
27/05/2026	4. Etapa de biometria	APROVADO	SIM	49
27/05/2026	5. Etapa de endereço	APROVADO	NAO	25
27/05/2026	5. Etapa de endereço	APROVADO	SIM	49
27/05/2026	6. Etapa de personalização do cartão	APROVADO	NAO	25
27/05/2026	6. Etapa de personalização do cartão	APROVADO	SIM	49
27/05/2026	7. Etapa de assinatura do contrato	APROVADO	NAO	22
27/05/2026	7. Etapa de assinatura do contrato	APROVADO	SIM	46
27/05/2026	7.1 Finalização (automática)	APROVADO	SIM	1
27/05/2026	8. Etapa de Conclusão Total Cartao Afinz	APROVADO	NAO	22
27/05/2026	8. Etapa de Conclusão Total Cartao Afinz	APROVADO	SIM	45
27/05/2026	Perda	APROVADO	NAO	13
28/05/2026	0. Etapa de Digitação de CPF		0	935
28/05/2026	1. Etapa de início do onboarding		0	879
28/05/2026	1. Etapa de início do onboarding	APROVADO	NAO	1.492
28/05/2026	2. Etapa de geolocalizacao	APROVADO	NAO	11
28/05/2026	2. Etapa de geolocalizacao	APROVADO	SIM	82
28/05/2026	3. Etapa de fotos do documento	APROVADO	NAO	14
28/05/2026	3. Etapa de fotos do documento	APROVADO	SIM	53
28/05/2026	4. Etapa de biometria	APROVADO	NAO	13
28/05/2026	4. Etapa de biometria	APROVADO	SIM	51
28/05/2026	5. Etapa de endereço	APROVADO	NAO	13
28/05/2026	5. Etapa de endereço	APROVADO	SIM	51
28/05/2026	6. Etapa de personalização do cartão	APROVADO	NAO	13
28/05/2026	6. Etapa de personalização do cartão	APROVADO	SIM	51
28/05/2026	7. Etapa de assinatura do contrato	APROVADO	NAO	12
28/05/2026	7. Etapa de assinatura do contrato	APROVADO	SIM	49
28/05/2026	7.1 Finalização (automática)	APROVADO	SIM	3
28/05/2026	8. Etapa de Conclusão Total Cartao Afinz	APROVADO	NAO	12
28/05/2026	8. Etapa de Conclusão Total Cartao Afinz	APROVADO	SIM	46
28/05/2026	Perda	APROVADO	NAO	4
29/05/2026	0. Etapa de Digitação de CPF		0	815
29/05/2026	1. Etapa de início do onboarding		0	816
29/05/2026	1. Etapa de início do onboarding	APROVADO	NAO	1.797
29/05/2026	2. Etapa de geolocalizacao	APROVADO	NAO	23
29/05/2026	2. Etapa de geolocalizacao	APROVADO	SIM	91
29/05/2026	3. Etapa de fotos do documento	APROVADO	NAO	22
29/05/2026	3. Etapa de fotos do documento	APROVADO	SIM	72
29/05/2026	4. Etapa de biometria	APROVADO	NAO	20
29/05/2026	4. Etapa de biometria	APROVADO	SIM	71
29/05/2026	5. Etapa de endereço	APROVADO	NAO	20
29/05/2026	5. Etapa de endereço	APROVADO	SIM	71
29/05/2026	6. Etapa de personalização do cartão	APROVADO	NAO	20
29/05/2026	6. Etapa de personalização do cartão	APROVADO	SIM	71
29/05/2026	7. Etapa de assinatura do contrato	APROVADO	NAO	18
29/05/2026	7. Etapa de assinatura do contrato	APROVADO	SIM	73
29/05/2026	8. Etapa de Conclusão Total Cartao Afinz	APROVADO	NAO	18
29/05/2026	8. Etapa de Conclusão Total Cartao Afinz	APROVADO	SIM	72
29/05/2026	Perda	APROVADO	NAO	5
30/05/2026	0. Etapa de Digitação de CPF		0	738
30/05/2026	1. Etapa de início do onboarding		0	690
30/05/2026	1. Etapa de início do onboarding	APROVADO	NAO	1.508
30/05/2026	2. Etapa de geolocalizacao	APROVADO	NAO	8
30/05/2026	2. Etapa de geolocalizacao	APROVADO	SIM	70
30/05/2026	3. Etapa de fotos do documento	APROVADO	NAO	7
30/05/2026	3. Etapa de fotos do documento	APROVADO	SIM	57
30/05/2026	4. Etapa de biometria	APROVADO	NAO	6
30/05/2026	4. Etapa de biometria	APROVADO	SIM	56
30/05/2026	5. Etapa de endereço	APROVADO	NAO	6
30/05/2026	5. Etapa de endereço	APROVADO	SIM	55
30/05/2026	6. Etapa de personalização do cartão	APROVADO	NAO	6
30/05/2026	6. Etapa de personalização do cartão	APROVADO	SIM	55
30/05/2026	7. Etapa de assinatura do contrato	APROVADO	NAO	7
30/05/2026	7. Etapa de assinatura do contrato	APROVADO	SIM	52
30/05/2026	7.1 Finalização (automática)	APROVADO	SIM	2
30/05/2026	8. Etapa de Conclusão Total Cartao Afinz	APROVADO	NAO	7
30/05/2026	8. Etapa de Conclusão Total Cartao Afinz	APROVADO	SIM	50
30/05/2026	Perda	APROVADO	NAO	2
31/05/2026	0. Etapa de Digitação de CPF		0	619
31/05/2026	1. Etapa de início do onboarding		0	545
31/05/2026	1. Etapa de início do onboarding	APROVADO	NAO	1.229
31/05/2026	2. Etapa de geolocalizacao	APROVADO	NAO	7
31/05/2026	2. Etapa de geolocalizacao	APROVADO	SIM	68
31/05/2026	3. Etapa de fotos do documento	APROVADO	NAO	7
31/05/2026	3. Etapa de fotos do documento	APROVADO	SIM	61
31/05/2026	4. Etapa de biometria	APROVADO	NAO	5
31/05/2026	4. Etapa de biometria	APROVADO	SIM	60
31/05/2026	5. Etapa de endereço	APROVADO	NAO	5
31/05/2026	5. Etapa de endereço	APROVADO	SIM	60
31/05/2026	6. Etapa de personalização do cartão	APROVADO	NAO	5
31/05/2026	6. Etapa de personalização do cartão	APROVADO	SIM	60
31/05/2026	7. Etapa de assinatura do contrato	APROVADO	NAO	2
31/05/2026	7. Etapa de assinatura do contrato	APROVADO	SIM	59
31/05/2026	7.1 Finalização (automática)	APROVADO	SIM	4
31/05/2026	8. Etapa de Conclusão Total Cartao Afinz	APROVADO	NAO	2
31/05/2026	8. Etapa de Conclusão Total Cartao Afinz	APROVADO	SIM	55
01/06/2026	0. Etapa de Digitação de CPF		0	1.248
01/06/2026	1. Etapa de início do onboarding		0	1.125
01/06/2026	1. Etapa de início do onboarding	APROVADO	NAO	1.825
01/06/2026	2. Etapa de geolocalizacao	APROVADO	NAO	312
01/06/2026	2. Etapa de geolocalizacao	APROVADO	SIM	71
01/06/2026	3. Etapa de fotos do documento	APROVADO	NAO	251
01/06/2026	3. Etapa de fotos do documento	APROVADO	SIM	69
01/06/2026	4. Etapa de biometria	APROVADO	NAO	239
01/06/2026	4. Etapa de biometria	APROVADO	SIM	65
01/06/2026	5. Etapa de endereço	APROVADO	NAO	238
01/06/2026	5. Etapa de endereço	APROVADO	SIM	65
01/06/2026	6. Etapa de personalização do cartão	APROVADO	NAO	238
01/06/2026	6. Etapa de personalização do cartão	APROVADO	SIM	65
01/06/2026	7. Etapa de assinatura do contrato	APROVADO	NAO	220
01/06/2026	7. Etapa de assinatura do contrato	APROVADO	SIM	61
01/06/2026	7.1 Finalização (automática)	APROVADO	NAO	1
01/06/2026	7.1 Finalização (automática)	APROVADO	SIM	1
01/06/2026	8. Etapa de Conclusão Total Cartao Afinz	APROVADO	NAO	218
01/06/2026	8. Etapa de Conclusão Total Cartao Afinz	APROVADO	SIM	60
01/06/2026	Perda	APROVADO	NAO	29
02/06/2026	0. Etapa de Digitação de CPF		0	1.458
02/06/2026	1. Etapa de início do onboarding		0	924
02/06/2026	1. Etapa de início do onboarding	APROVADO	NAO	1.975
02/06/2026	2. Etapa de geolocalizacao	APROVADO	NAO	50
02/06/2026	2. Etapa de geolocalizacao	APROVADO	SIM	542
02/06/2026	3. Etapa de fotos do documento	APROVADO	NAO	52
02/06/2026	3. Etapa de fotos do documento	APROVADO	SIM	441
02/06/2026	4. Etapa de biometria	APROVADO	NAO	51
02/06/2026	4. Etapa de biometria	APROVADO	SIM	435
02/06/2026	5. Etapa de endereço	APROVADO	NAO	51
02/06/2026	5. Etapa de endereço	APROVADO	SIM	428
02/06/2026	6. Etapa de personalização do cartão	APROVADO	NAO	51
02/06/2026	6. Etapa de personalização do cartão	APROVADO	SIM	428
02/06/2026	7. Etapa de assinatura do contrato	APROVADO	NAO	48
02/06/2026	7. Etapa de assinatura do contrato	APROVADO	SIM	417
02/06/2026	7.1 Finalização (automática)	APROVADO	SIM	3
02/06/2026	8. Etapa de Conclusão Total Cartao Afinz	APROVADO	NAO	48
02/06/2026	8. Etapa de Conclusão Total Cartao Afinz	APROVADO	SIM	413
02/06/2026	Perda	APROVADO	NAO	4
03/06/2026	0. Etapa de Digitação de CPF		0	982
03/06/2026	1. Etapa de início do onboarding		0	995
03/06/2026	1. Etapa de início do onboarding	APROVADO	NAO	2.197
03/06/2026	2. Etapa de geolocalizacao	APROVADO	NAO	21
03/06/2026	2. Etapa de geolocalizacao	APROVADO	SIM	155
03/06/2026	3. Etapa de fotos do documento	APROVADO	NAO	17
03/06/2026	3. Etapa de fotos do documento	APROVADO	SIM	147
03/06/2026	4. Etapa de biometria	APROVADO	NAO	16
03/06/2026	4. Etapa de biometria	APROVADO	SIM	142
03/06/2026	5. Etapa de endereço	APROVADO	NAO	16
03/06/2026	5. Etapa de endereço	APROVADO	SIM	143
03/06/2026	6. Etapa de personalização do cartão	APROVADO	NAO	16
03/06/2026	6. Etapa de personalização do cartão	APROVADO	SIM	143
03/06/2026	7. Etapa de assinatura do contrato	APROVADO	NAO	16
03/06/2026	7. Etapa de assinatura do contrato	APROVADO	SIM	136
03/06/2026	7.1 Finalização (automática)	APROVADO	SIM	3
03/06/2026	8. Etapa de Conclusão Total Cartao Afinz	APROVADO	NAO	16
03/06/2026	8. Etapa de Conclusão Total Cartao Afinz	APROVADO	SIM	132
03/06/2026	Perda	APROVADO	NAO	6
03/06/2026	Perda	APROVADO	SIM	1
04/06/2026	0. Etapa de Digitação de CPF		0	847
04/06/2026	1. Etapa de início do onboarding		0	841
04/06/2026	1. Etapa de início do onboarding	APROVADO	NAO	1.832
04/06/2026	2. Etapa de geolocalizacao	APROVADO	NAO	20
04/06/2026	2. Etapa de geolocalizacao	APROVADO	SIM	93
04/06/2026	3. Etapa de fotos do documento	APROVADO	NAO	22
04/06/2026	3. Etapa de fotos do documento	APROVADO	SIM	88
04/06/2026	4. Etapa de biometria	APROVADO	NAO	23
04/06/2026	4. Etapa de biometria	APROVADO	SIM	87
04/06/2026	5. Etapa de endereço	APROVADO	NAO	23
04/06/2026	5. Etapa de endereço	APROVADO	SIM	87
04/06/2026	6. Etapa de personalização do cartão	APROVADO	NAO	23
04/06/2026	6. Etapa de personalização do cartão	APROVADO	SIM	86
04/06/2026	7. Etapa de assinatura do contrato	APROVADO	NAO	23
04/06/2026	7. Etapa de assinatura do contrato	APROVADO	SIM	83
04/06/2026	7.1 Finalização (automática)	APROVADO	NAO	2
04/06/2026	7.1 Finalização (automática)	APROVADO	SIM	13
04/06/2026	8. Etapa de Conclusão Total Cartao Afinz	APROVADO	NAO	21
04/06/2026	8. Etapa de Conclusão Total Cartao Afinz	APROVADO	SIM	71
04/06/2026	Perda	APROVADO	NAO	4
05/06/2026	0. Etapa de Digitação de CPF		0	975
05/06/2026	1. Etapa de início do onboarding		0	975
05/06/2026	1. Etapa de início do onboarding	APROVADO	NAO	2.228
05/06/2026	2. Etapa de geolocalizacao	APROVADO	NAO	6
05/06/2026	2. Etapa de geolocalizacao	APROVADO	SIM	116
05/06/2026	3. Etapa de fotos do documento	APROVADO	NAO	5
05/06/2026	3. Etapa de fotos do documento	APROVADO	SIM	109
05/06/2026	4. Etapa de biometria	APROVADO	NAO	6
05/06/2026	4. Etapa de biometria	APROVADO	SIM	108
05/06/2026	5. Etapa de endereço	APROVADO	NAO	6
05/06/2026	5. Etapa de endereço	APROVADO	SIM	108
05/06/2026	6. Etapa de personalização do cartão	APROVADO	NAO	6
05/06/2026	6. Etapa de personalização do cartão	APROVADO	SIM	108
05/06/2026	7. Etapa de assinatura do contrato	APROVADO	NAO	6
05/06/2026	7. Etapa de assinatura do contrato	APROVADO	SIM	102
05/06/2026	7.1 Finalização (automática)	APROVADO	SIM	2
05/06/2026	8. Etapa de Conclusão Total Cartao Afinz	APROVADO	NAO	6
05/06/2026	8. Etapa de Conclusão Total Cartao Afinz	APROVADO	SIM	100
05/06/2026	Perda	APROVADO	NAO	4
06/06/2026	0. Etapa de Digitação de CPF		0	810
06/06/2026	1. Etapa de início do onboarding		0	833
06/06/2026	1. Etapa de início do onboarding	APROVADO	NAO	1.846
06/06/2026	2. Etapa de geolocalizacao	APROVADO	NAO	11
06/06/2026	2. Etapa de geolocalizacao	APROVADO	SIM	65
06/06/2026	3. Etapa de fotos do documento	APROVADO	NAO	14
06/06/2026	3. Etapa de fotos do documento	APROVADO	SIM	55
06/06/2026	4. Etapa de biometria	APROVADO	NAO	13
06/06/2026	4. Etapa de biometria	APROVADO	SIM	54
06/06/2026	5. Etapa de endereço	APROVADO	NAO	14
06/06/2026	5. Etapa de endereço	APROVADO	SIM	54
06/06/2026	6. Etapa de personalização do cartão	APROVADO	NAO	14
06/06/2026	6. Etapa de personalização do cartão	APROVADO	SIM	54
06/06/2026	7. Etapa de assinatura do contrato	APROVADO	NAO	12
06/06/2026	7. Etapa de assinatura do contrato	APROVADO	SIM	53
06/06/2026	7.1 Finalização (automática)	APROVADO	SIM	9
06/06/2026	8. Etapa de Conclusão Total Cartao Afinz	APROVADO	NAO	12
06/06/2026	8. Etapa de Conclusão Total Cartao Afinz	APROVADO	SIM	44
06/06/2026	Perda	APROVADO	NAO	1
07/06/2026	0. Etapa de Digitação de CPF		0	605
07/06/2026	1. Etapa de início do onboarding		0	648
07/06/2026	1. Etapa de início do onboarding	APROVADO	NAO	1.433
07/06/2026	2. Etapa de geolocalizacao	APROVADO	NAO	3
07/06/2026	2. Etapa de geolocalizacao	APROVADO	SIM	82
07/06/2026	3. Etapa de fotos do documento	APROVADO	NAO	9
07/06/2026	3. Etapa de fotos do documento	APROVADO	SIM	76
07/06/2026	4. Etapa de biometria	APROVADO	NAO	7
07/06/2026	4. Etapa de biometria	APROVADO	SIM	73
07/06/2026	5. Etapa de endereço	APROVADO	NAO	7
07/06/2026	5. Etapa de endereço	APROVADO	SIM	73
07/06/2026	6. Etapa de personalização do cartão	APROVADO	NAO	7
07/06/2026	6. Etapa de personalização do cartão	APROVADO	SIM	73
07/06/2026	7. Etapa de assinatura do contrato	APROVADO	NAO	7
07/06/2026	7. Etapa de assinatura do contrato	APROVADO	SIM	70
07/06/2026	8. Etapa de Conclusão Total Cartao Afinz	APROVADO	NAO	7
07/06/2026	8. Etapa de Conclusão Total Cartao Afinz	APROVADO	SIM	70
07/06/2026	Perda	APROVADO	NAO	2
08/06/2026	0. Etapa de Digitação de CPF		0	1.311
08/06/2026	1. Etapa de início do onboarding		0	1.230
08/06/2026	1. Etapa de início do onboarding	APROVADO	NAO	2.154
08/06/2026	2. Etapa de geolocalizacao	APROVADO	NAO	258
08/06/2026	2. Etapa de geolocalizacao	APROVADO	SIM	103
08/06/2026	3. Etapa de fotos do documento	APROVADO	NAO	200
08/06/2026	3. Etapa de fotos do documento	APROVADO	SIM	89
08/06/2026	4. Etapa de biometria	APROVADO	NAO	191
08/06/2026	4. Etapa de biometria	APROVADO	SIM	87
08/06/2026	5. Etapa de endereço	APROVADO	NAO	191
08/06/2026	5. Etapa de endereço	APROVADO	SIM	88
08/06/2026	6. Etapa de personalização do cartão	APROVADO	NAO	191
08/06/2026	6. Etapa de personalização do cartão	APROVADO	SIM	87
08/06/2026	7. Etapa de assinatura do contrato	APROVADO	NAO	176
08/06/2026	7. Etapa de assinatura do contrato	APROVADO	SIM	83
08/06/2026	8. Etapa de Conclusão Total Cartao Afinz	APROVADO	NAO	176
08/06/2026	8. Etapa de Conclusão Total Cartao Afinz	APROVADO	SIM	83
08/06/2026	Perda	APROVADO	NAO	26
09/06/2026	0. Etapa de Digitação de CPF		0	1.152
09/06/2026	1. Etapa de início do onboarding		0	1.096
09/06/2026	1. Etapa de início do onboarding	APROVADO	NAO	2.352
09/06/2026	2. Etapa de geolocalizacao	APROVADO	NAO	53
09/06/2026	2. Etapa de geolocalizacao	APROVADO	SIM	115
09/06/2026	3. Etapa de fotos do documento	APROVADO	NAO	52
09/06/2026	3. Etapa de fotos do documento	APROVADO	SIM	103
09/06/2026	4. Etapa de biometria	APROVADO	NAO	49
09/06/2026	4. Etapa de biometria	APROVADO	SIM	102
09/06/2026	5. Etapa de endereço	APROVADO	NAO	48
09/06/2026	5. Etapa de endereço	APROVADO	SIM	102
09/06/2026	6. Etapa de personalização do cartão	APROVADO	NAO	48
09/06/2026	6. Etapa de personalização do cartão	APROVADO	SIM	100
09/06/2026	7. Etapa de assinatura do contrato	APROVADO	NAO	42
09/06/2026	7. Etapa de assinatura do contrato	APROVADO	SIM	96
09/06/2026	7.1 Finalização (automática)	APROVADO	SIM	1
09/06/2026	8. Etapa de Conclusão Total Cartao Afinz	APROVADO	NAO	42
09/06/2026	8. Etapa de Conclusão Total Cartao Afinz	APROVADO	SIM	95
09/06/2026	Perda	APROVADO	NAO	12
10/06/2026	0. Etapa de Digitação de CPF		0	1.155
10/06/2026	1. Etapa de início do onboarding		0	962
10/06/2026	1. Etapa de início do onboarding	APROVADO	NAO	2.144
10/06/2026	2. Etapa de geolocalizacao	APROVADO	NAO	21
10/06/2026	2. Etapa de geolocalizacao	APROVADO	SIM	199
10/06/2026	3. Etapa de fotos do documento	APROVADO	NAO	26
10/06/2026	3. Etapa de fotos do documento	APROVADO	SIM	171
10/06/2026	4. Etapa de biometria	APROVADO	NAO	24
10/06/2026	4. Etapa de biometria	APROVADO	SIM	167
10/06/2026	5. Etapa de endereço	APROVADO	NAO	24
10/06/2026	5. Etapa de endereço	APROVADO	SIM	166
10/06/2026	6. Etapa de personalização do cartão	APROVADO	NAO	24
10/06/2026	6. Etapa de personalização do cartão	APROVADO	SIM	164
10/06/2026	7. Etapa de assinatura do contrato	APROVADO	NAO	24
10/06/2026	7. Etapa de assinatura do contrato	APROVADO	SIM	154
10/06/2026	7.1 Finalização (automática)	APROVADO	SIM	1
10/06/2026	8. Etapa de Conclusão Total Cartao Afinz	APROVADO	NAO	23
10/06/2026	8. Etapa de Conclusão Total Cartao Afinz	APROVADO	SIM	152
10/06/2026	Perda	APROVADO	NAO	4
11/06/2026	0. Etapa de Digitação de CPF		0	934
11/06/2026	1. Etapa de início do onboarding		0	913
11/06/2026	1. Etapa de início do onboarding	APROVADO	NAO	2.068
11/06/2026	2. Etapa de geolocalizacao	APROVADO	NAO	38
11/06/2026	2. Etapa de geolocalizacao	APROVADO	SIM	82
11/06/2026	3. Etapa de fotos do documento	APROVADO	NAO	42
11/06/2026	3. Etapa de fotos do documento	APROVADO	SIM	82
11/06/2026	4. Etapa de biometria	APROVADO	NAO	40
11/06/2026	4. Etapa de biometria	APROVADO	SIM	77
11/06/2026	5. Etapa de endereço	APROVADO	NAO	40
11/06/2026	5. Etapa de endereço	APROVADO	SIM	78
11/06/2026	6. Etapa de personalização do cartão	APROVADO	NAO	40
11/06/2026	6. Etapa de personalização do cartão	APROVADO	SIM	79
11/06/2026	7. Etapa de assinatura do contrato	APROVADO	NAO	36
11/06/2026	7. Etapa de assinatura do contrato	APROVADO	SIM	75
11/06/2026	8. Etapa de Conclusão Total Cartao Afinz	APROVADO	NAO	36
11/06/2026	8. Etapa de Conclusão Total Cartao Afinz	APROVADO	SIM	75
11/06/2026	Perda	APROVADO	NAO	5
12/06/2026	0. Etapa de Digitação de CPF		0	1.166
12/06/2026	1. Etapa de início do onboarding	APROVADO	NAO	1.658
12/06/2026	2. Etapa de geolocalizacao	APROVADO	NAO	22
12/06/2026	2. Etapa de geolocalizacao	APROVADO	SIM	117
12/06/2026	3. Etapa de fotos do documento	APROVADO	NAO	23
12/06/2026	3. Etapa de fotos do documento	APROVADO	SIM	94
12/06/2026	4. Etapa de biometria	APROVADO	NAO	24
12/06/2026	4. Etapa de biometria	APROVADO	SIM	92
12/06/2026	5. Etapa de endereço	APROVADO	NAO	24
12/06/2026	5. Etapa de endereço	APROVADO	SIM	92
12/06/2026	6. Etapa de personalização do cartão	APROVADO	NAO	24
12/06/2026	6. Etapa de personalização do cartão	APROVADO	SIM	90
12/06/2026	7. Etapa de assinatura do contrato	APROVADO	NAO	21
12/06/2026	7. Etapa de assinatura do contrato	APROVADO	SIM	89
12/06/2026	8. Etapa de Conclusão Total Cartao Afinz	APROVADO	NAO	21
12/06/2026	8. Etapa de Conclusão Total Cartao Afinz	APROVADO	SIM	89
12/06/2026	Perda	APROVADO	NAO	7
13/06/2026	0. Etapa de Digitação de CPF		0	1.067
13/06/2026	1. Etapa de início do onboarding		0	584
13/06/2026	1. Etapa de início do onboarding	APROVADO	NAO	1.283
13/06/2026	2. Etapa de geolocalizacao	APROVADO	NAO	18
13/06/2026	2. Etapa de geolocalizacao	APROVADO	SIM	90
13/06/2026	3. Etapa de fotos do documento	APROVADO	NAO	21
13/06/2026	3. Etapa de fotos do documento	APROVADO	SIM	82
13/06/2026	4. Etapa de biometria	APROVADO	NAO	21
13/06/2026	4. Etapa de biometria	APROVADO	SIM	79
13/06/2026	5. Etapa de endereço	APROVADO	NAO	21
13/06/2026	5. Etapa de endereço	APROVADO	SIM	79
13/06/2026	6. Etapa de personalização do cartão	APROVADO	NAO	21
13/06/2026	6. Etapa de personalização do cartão	APROVADO	SIM	81
13/06/2026	7. Etapa de assinatura do contrato	APROVADO	NAO	20
13/06/2026	7. Etapa de assinatura do contrato	APROVADO	SIM	78
13/06/2026	7.1 Finalização (automática)	APROVADO	SIM	1
13/06/2026	8. Etapa de Conclusão Total Cartao Afinz	APROVADO	NAO	20
13/06/2026	8. Etapa de Conclusão Total Cartao Afinz	APROVADO	SIM	77
13/06/2026	Perda	APROVADO	NAO	4
14/06/2026	0. Etapa de Digitação de CPF		0	1.091
14/06/2026	1. Etapa de início do onboarding		0	699
14/06/2026	1. Etapa de início do onboarding	APROVADO	NAO	1.519
14/06/2026	2. Etapa de geolocalizacao	APROVADO	NAO	35
14/06/2026	2. Etapa de geolocalizacao	APROVADO	SIM	86
14/06/2026	3. Etapa de fotos do documento	APROVADO	NAO	29
14/06/2026	3. Etapa de fotos do documento	APROVADO	SIM	81
14/06/2026	4. Etapa de biometria	APROVADO	NAO	28
14/06/2026	4. Etapa de biometria	APROVADO	SIM	80
14/06/2026	5. Etapa de endereço	APROVADO	NAO	28
14/06/2026	5. Etapa de endereço	APROVADO	SIM	80
14/06/2026	6. Etapa de personalização do cartão	APROVADO	NAO	28
14/06/2026	6. Etapa de personalização do cartão	APROVADO	SIM	79
14/06/2026	7. Etapa de assinatura do contrato	APROVADO	NAO	28
14/06/2026	7. Etapa de assinatura do contrato	APROVADO	SIM	78
14/06/2026	8. Etapa de Conclusão Total Cartao Afinz	APROVADO	NAO	28
14/06/2026	8. Etapa de Conclusão Total Cartao Afinz	APROVADO	SIM	77
14/06/2026	Perda	APROVADO	NAO	3
15/06/2026	0. Etapa de Digitação de CPF		0	1.230
15/06/2026	1. Etapa de início do onboarding		0	933
15/06/2026	1. Etapa de início do onboarding	APROVADO	NAO	2.106
15/06/2026	2. Etapa de geolocalizacao	APROVADO	NAO	28
15/06/2026	2. Etapa de geolocalizacao	APROVADO	SIM	96
15/06/2026	3. Etapa de fotos do documento	APROVADO	NAO	23
15/06/2026	3. Etapa de fotos do documento	APROVADO	SIM	84
15/06/2026	4. Etapa de biometria	APROVADO	NAO	23
15/06/2026	4. Etapa de biometria	APROVADO	SIM	82
15/06/2026	5. Etapa de endereço	APROVADO	NAO	23
15/06/2026	5. Etapa de endereço	APROVADO	SIM	82
15/06/2026	6. Etapa de personalização do cartão	APROVADO	NAO	23
15/06/2026	6. Etapa de personalização do cartão	APROVADO	SIM	82
15/06/2026	7. Etapa de assinatura do contrato	APROVADO	NAO	22
15/06/2026	7. Etapa de assinatura do contrato	APROVADO	SIM	77
15/06/2026	8. Etapa de Conclusão Total Cartao Afinz	APROVADO	NAO	22
15/06/2026	8. Etapa de Conclusão Total Cartao Afinz	APROVADO	SIM	77
15/06/2026	Perda	APROVADO	NAO	5
16/06/2026	0. Etapa de Digitação de CPF		0	1.106
16/06/2026	1. Etapa de início do onboarding		0	875
16/06/2026	1. Etapa de início do onboarding	APROVADO	NAO	1.981
16/06/2026	2. Etapa de geolocalizacao	APROVADO	NAO	12
16/06/2026	2. Etapa de geolocalizacao	APROVADO	SIM	54
16/06/2026	3. Etapa de fotos do documento	APROVADO	NAO	14
16/06/2026	3. Etapa de fotos do documento	APROVADO	SIM	49
16/06/2026	4. Etapa de biometria	APROVADO	NAO	14
16/06/2026	4. Etapa de biometria	APROVADO	SIM	47
16/06/2026	5. Etapa de endereço	APROVADO	NAO	14
16/06/2026	5. Etapa de endereço	APROVADO	SIM	47
16/06/2026	6. Etapa de personalização do cartão	APROVADO	NAO	12
16/06/2026	6. Etapa de personalização do cartão	APROVADO	SIM	46
16/06/2026	7. Etapa de assinatura do contrato	APROVADO	NAO	11
16/06/2026	7. Etapa de assinatura do contrato	APROVADO	SIM	45
16/06/2026	8. Etapa de Conclusão Total Cartao Afinz	APROVADO	NAO	11
16/06/2026	8. Etapa de Conclusão Total Cartao Afinz	APROVADO	SIM	45
16/06/2026	Perda	APROVADO	NAO	5
17/06/2026	0. Etapa de Digitação de CPF		0	1.167
17/06/2026	1. Etapa de início do onboarding		0	983
17/06/2026	1. Etapa de início do onboarding	APROVADO	NAO	2.051
17/06/2026	2. Etapa de geolocalizacao	APROVADO	NAO	82
17/06/2026	2. Etapa de geolocalizacao	APROVADO	SIM	74
17/06/2026	3. Etapa de fotos do documento	APROVADO	NAO	64
17/06/2026	3. Etapa de fotos do documento	APROVADO	SIM	63
17/06/2026	4. Etapa de biometria	APROVADO	NAO	61
17/06/2026	4. Etapa de biometria	APROVADO	SIM	62
17/06/2026	5. Etapa de endereço	APROVADO	NAO	61
17/06/2026	5. Etapa de endereço	APROVADO	SIM	62
17/06/2026	6. Etapa de personalização do cartão	APROVADO	NAO	61
17/06/2026	6. Etapa de personalização do cartão	APROVADO	SIM	62
17/06/2026	7. Etapa de assinatura do contrato	APROVADO	NAO	58
17/06/2026	7. Etapa de assinatura do contrato	APROVADO	SIM	61
17/06/2026	8. Etapa de Conclusão Total Cartao Afinz	APROVADO	NAO	58
17/06/2026	8. Etapa de Conclusão Total Cartao Afinz	APROVADO	SIM	61
17/06/2026	Perda	APROVADO	NAO	13
18/06/2026	0. Etapa de Digitação de CPF		0	987
18/06/2026	1. Etapa de início do onboarding		0	888
18/06/2026	1. Etapa de início do onboarding	APROVADO	NAO	1.937
18/06/2026	2. Etapa de geolocalizacao	APROVADO	NAO	36
18/06/2026	2. Etapa de geolocalizacao	APROVADO	SIM	101
18/06/2026	3. Etapa de fotos do documento	APROVADO	NAO	40
18/06/2026	3. Etapa de fotos do documento	APROVADO	SIM	91
18/06/2026	4. Etapa de biometria	APROVADO	NAO	36
18/06/2026	4. Etapa de biometria	APROVADO	SIM	85
18/06/2026	5. Etapa de endereço	APROVADO	NAO	36
18/06/2026	5. Etapa de endereço	APROVADO	SIM	84
18/06/2026	6. Etapa de personalização do cartão	APROVADO	NAO	36
18/06/2026	6. Etapa de personalização do cartão	APROVADO	SIM	82
18/06/2026	7. Etapa de assinatura do contrato	APROVADO	NAO	33
18/06/2026	7. Etapa de assinatura do contrato	APROVADO	SIM	82
18/06/2026	7.1 Finalização (automática)	APROVADO	NAO	1
18/06/2026	7.1 Finalização (automática)	APROVADO	SIM	1
18/06/2026	8. Etapa de Conclusão Total Cartao Afinz	APROVADO	NAO	33
18/06/2026	8. Etapa de Conclusão Total Cartao Afinz	APROVADO	SIM	81
18/06/2026	Perda	APROVADO	NAO	6
19/06/2026	0. Etapa de Digitação de CPF		0	814
19/06/2026	1. Etapa de início do onboarding		0	669
19/06/2026	1. Etapa de início do onboarding	APROVADO	NAO	1.533
19/06/2026	2. Etapa de geolocalizacao	APROVADO	NAO	13
19/06/2026	2. Etapa de geolocalizacao	APROVADO	SIM	61
19/06/2026	3. Etapa de fotos do documento	APROVADO	NAO	15
19/06/2026	3. Etapa de fotos do documento	APROVADO	SIM	49
19/06/2026	4. Etapa de biometria	APROVADO	NAO	13
19/06/2026	4. Etapa de biometria	APROVADO	SIM	47
19/06/2026	5. Etapa de endereço	APROVADO	NAO	13
19/06/2026	5. Etapa de endereço	APROVADO	SIM	47
19/06/2026	6. Etapa de personalização do cartão	APROVADO	NAO	13
19/06/2026	6. Etapa de personalização do cartão	APROVADO	SIM	49
19/06/2026	7. Etapa de assinatura do contrato	APROVADO	NAO	12
19/06/2026	7. Etapa de assinatura do contrato	APROVADO	SIM	49
19/06/2026	8. Etapa de Conclusão Total Cartao Afinz	APROVADO	NAO	12
19/06/2026	8. Etapa de Conclusão Total Cartao Afinz	APROVADO	SIM	49
19/06/2026	Perda	APROVADO	NAO	1
20/06/2026	0. Etapa de Digitação de CPF		0	774
20/06/2026	1. Etapa de início do onboarding		0	648
20/06/2026	1. Etapa de início do onboarding	APROVADO	NAO	1.511
20/06/2026	2. Etapa de geolocalizacao	APROVADO	NAO	6
20/06/2026	2. Etapa de geolocalizacao	APROVADO	SIM	56
20/06/2026	3. Etapa de fotos do documento	APROVADO	NAO	4
20/06/2026	3. Etapa de fotos do documento	APROVADO	SIM	52
20/06/2026	4. Etapa de biometria	APROVADO	NAO	4
20/06/2026	4. Etapa de biometria	APROVADO	SIM	50
20/06/2026	5. Etapa de endereço	APROVADO	NAO	4
20/06/2026	5. Etapa de endereço	APROVADO	SIM	50
20/06/2026	6. Etapa de personalização do cartão	APROVADO	NAO	4
20/06/2026	6. Etapa de personalização do cartão	APROVADO	SIM	50
20/06/2026	7. Etapa de assinatura do contrato	APROVADO	NAO	4
20/06/2026	7. Etapa de assinatura do contrato	APROVADO	SIM	48
20/06/2026	7.1 Finalização (automática)	APROVADO	SIM	1
20/06/2026	8. Etapa de Conclusão Total Cartao Afinz	APROVADO	NAO	4
20/06/2026	8. Etapa de Conclusão Total Cartao Afinz	APROVADO	SIM	47
20/06/2026	Perda	APROVADO	NAO	1
21/06/2026	0. Etapa de Digitação de CPF		0	762
21/06/2026	1. Etapa de início do onboarding		0	641
21/06/2026	1. Etapa de início do onboarding	APROVADO	NAO	1.466
21/06/2026	2. Etapa de geolocalizacao	APROVADO	NAO	15
21/06/2026	2. Etapa de geolocalizacao	APROVADO	SIM	63
21/06/2026	3. Etapa de fotos do documento	APROVADO	NAO	14
21/06/2026	3. Etapa de fotos do documento	APROVADO	SIM	58
21/06/2026	4. Etapa de biometria	APROVADO	NAO	6
21/06/2026	4. Etapa de biometria	APROVADO	SIM	53
21/06/2026	5. Etapa de endereço	APROVADO	NAO	6
21/06/2026	5. Etapa de endereço	APROVADO	SIM	52
21/06/2026	6. Etapa de personalização do cartão	APROVADO	NAO	6
21/06/2026	6. Etapa de personalização do cartão	APROVADO	SIM	51
21/06/2026	7. Etapa de assinatura do contrato	APROVADO	NAO	6
21/06/2026	7. Etapa de assinatura do contrato	APROVADO	SIM	46
21/06/2026	7.1 Finalização (automática)	APROVADO	SIM	1
21/06/2026	8. Etapa de Conclusão Total Cartao Afinz	APROVADO	NAO	6
21/06/2026	8. Etapa de Conclusão Total Cartao Afinz	APROVADO	SIM	45
22/06/2026	0. Etapa de Digitação de CPF		0	951
22/06/2026	1. Etapa de início do onboarding		0	842
22/06/2026	1. Etapa de início do onboarding	APROVADO	NAO	1.926
22/06/2026	2. Etapa de geolocalizacao	APROVADO	NAO	7
22/06/2026	2. Etapa de geolocalizacao	APROVADO	SIM	74
22/06/2026	3. Etapa de fotos do documento	APROVADO	NAO	8
22/06/2026	3. Etapa de fotos do documento	APROVADO	SIM	58
22/06/2026	4. Etapa de biometria	APROVADO	NAO	8
22/06/2026	4. Etapa de biometria	APROVADO	SIM	57
22/06/2026	5. Etapa de endereço	APROVADO	NAO	8
22/06/2026	5. Etapa de endereço	APROVADO	SIM	57
22/06/2026	6. Etapa de personalização do cartão	APROVADO	NAO	8
22/06/2026	6. Etapa de personalização do cartão	APROVADO	SIM	57
22/06/2026	7. Etapa de assinatura do contrato	APROVADO	NAO	7
22/06/2026	7. Etapa de assinatura do contrato	APROVADO	SIM	53
22/06/2026	7.1 Finalização (automática)	APROVADO	SIM	26
22/06/2026	8. Etapa de Conclusão Total Cartao Afinz	APROVADO	NAO	7
22/06/2026	8. Etapa de Conclusão Total Cartao Afinz	APROVADO	SIM	27
22/06/2026	Perda	APROVADO	NAO	2
23/06/2026	0. Etapa de Digitação de CPF		0	1.110
23/06/2026	1. Etapa de início do onboarding		0	936
23/06/2026	1. Etapa de início do onboarding	APROVADO	NAO	1.924
23/06/2026	2. Etapa de geolocalizacao	APROVADO	NAO	82
23/06/2026	2. Etapa de geolocalizacao	APROVADO	SIM	83
23/06/2026	3. Etapa de fotos do documento	APROVADO	NAO	61
23/06/2026	3. Etapa de fotos do documento	APROVADO	SIM	70
23/06/2026	4. Etapa de biometria	APROVADO	NAO	60
23/06/2026	4. Etapa de biometria	APROVADO	SIM	67
23/06/2026	5. Etapa de endereço	APROVADO	NAO	59
23/06/2026	5. Etapa de endereço	APROVADO	SIM	67
23/06/2026	6. Etapa de personalização do cartão	APROVADO	NAO	61
23/06/2026	6. Etapa de personalização do cartão	APROVADO	SIM	67
23/06/2026	7. Etapa de assinatura do contrato	APROVADO	NAO	57
23/06/2026	7. Etapa de assinatura do contrato	APROVADO	SIM	68
23/06/2026	8. Etapa de Conclusão Total Cartao Afinz	APROVADO	NAO	57
23/06/2026	8. Etapa de Conclusão Total Cartao Afinz	APROVADO	SIM	68
23/06/2026	Perda	APROVADO	NAO	21
24/06/2026	0. Etapa de Digitação de CPF		0	943
24/06/2026	1. Etapa de início do onboarding		0	800
24/06/2026	1. Etapa de início do onboarding	APROVADO	NAO	1.766
24/06/2026	2. Etapa de geolocalizacao	APROVADO	NAO	32
24/06/2026	2. Etapa de geolocalizacao	APROVADO	SIM	75
24/06/2026	3. Etapa de fotos do documento	APROVADO	NAO	27
24/06/2026	3. Etapa de fotos do documento	APROVADO	SIM	66
24/06/2026	4. Etapa de biometria	APROVADO	NAO	28
24/06/2026	4. Etapa de biometria	APROVADO	SIM	65
24/06/2026	5. Etapa de endereço	APROVADO	NAO	29
24/06/2026	5. Etapa de endereço	APROVADO	SIM	65
24/06/2026	6. Etapa de personalização do cartão	APROVADO	NAO	29
24/06/2026	6. Etapa de personalização do cartão	APROVADO	SIM	64
24/06/2026	7. Etapa de assinatura do contrato	APROVADO	NAO	28
24/06/2026	7. Etapa de assinatura do contrato	APROVADO	SIM	62
24/06/2026	7.1 Finalização (automática)	APROVADO	SIM	1
24/06/2026	8. Etapa de Conclusão Total Cartao Afinz	APROVADO	NAO	28
24/06/2026	8. Etapa de Conclusão Total Cartao Afinz	APROVADO	SIM	61
24/06/2026	Perda	APROVADO	NAO	3
25/06/2026	0. Etapa de Digitação de CPF		0	1.528
25/06/2026	1. Etapa de início do onboarding		0	890
25/06/2026	1. Etapa de início do onboarding	APROVADO	NAO	2.050
25/06/2026	2. Etapa de geolocalizacao	APROVADO	NAO	14
25/06/2026	2. Etapa de geolocalizacao	APROVADO	SIM	149
25/06/2026	3. Etapa de fotos do documento	APROVADO	NAO	21
25/06/2026	3. Etapa de fotos do documento	APROVADO	SIM	119
25/06/2026	4. Etapa de biometria	APROVADO	NAO	20
25/06/2026	4. Etapa de biometria	APROVADO	SIM	110
25/06/2026	5. Etapa de endereço	APROVADO	NAO	20
25/06/2026	5. Etapa de endereço	APROVADO	SIM	110
25/06/2026	6. Etapa de personalização do cartão	APROVADO	NAO	20
25/06/2026	6. Etapa de personalização do cartão	APROVADO	SIM	109
25/06/2026	7. Etapa de assinatura do contrato	APROVADO	NAO	19
25/06/2026	7. Etapa de assinatura do contrato	APROVADO	SIM	106
25/06/2026	8. Etapa de Conclusão Total Cartao Afinz	APROVADO	NAO	19
25/06/2026	8. Etapa de Conclusão Total Cartao Afinz	APROVADO	SIM	106
25/06/2026	Perda	APROVADO	NAO	5
26/06/2026	0. Etapa de Digitação de CPF		0	1.538
26/06/2026	1. Etapa de início do onboarding		0	944
26/06/2026	1. Etapa de início do onboarding	APROVADO	NAO	1.984
26/06/2026	2. Etapa de geolocalizacao	APROVADO	NAO	69
26/06/2026	2. Etapa de geolocalizacao	APROVADO	SIM	164
26/06/2026	3. Etapa de fotos do documento	APROVADO	NAO	53
26/06/2026	3. Etapa de fotos do documento	APROVADO	SIM	140
26/06/2026	4. Etapa de biometria	APROVADO	NAO	51
26/06/2026	4. Etapa de biometria	APROVADO	SIM	138
26/06/2026	5. Etapa de endereço	APROVADO	NAO	51
26/06/2026	5. Etapa de endereço	APROVADO	SIM	135
26/06/2026	6. Etapa de personalização do cartão	APROVADO	NAO	51
26/06/2026	6. Etapa de personalização do cartão	APROVADO	SIM	135
26/06/2026	7. Etapa de assinatura do contrato	APROVADO	NAO	44
26/06/2026	7. Etapa de assinatura do contrato	APROVADO	SIM	125
26/06/2026	7.1 Finalização (automática)	APROVADO	SIM	1
26/06/2026	8. Etapa de Conclusão Total Cartao Afinz	APROVADO	NAO	44
26/06/2026	8. Etapa de Conclusão Total Cartao Afinz	APROVADO	SIM	122
26/06/2026	Perda	APROVADO	NAO	20
27/06/2026	0. Etapa de Digitação de CPF		0	1.379
27/06/2026	1. Etapa de início do onboarding		0	768
27/06/2026	1. Etapa de início do onboarding	APROVADO	NAO	1.795
27/06/2026	2. Etapa de geolocalizacao	APROVADO	NAO	9
27/06/2026	2. Etapa de geolocalizacao	APROVADO	SIM	127
27/06/2026	3. Etapa de fotos do documento	APROVADO	NAO	13
27/06/2026	3. Etapa de fotos do documento	APROVADO	SIM	114
27/06/2026	4. Etapa de biometria	APROVADO	NAO	9
27/06/2026	4. Etapa de biometria	APROVADO	SIM	113
27/06/2026	5. Etapa de endereço	APROVADO	NAO	9
27/06/2026	5. Etapa de endereço	APROVADO	SIM	113
27/06/2026	6. Etapa de personalização do cartão	APROVADO	NAO	9
27/06/2026	6. Etapa de personalização do cartão	APROVADO	SIM	113
27/06/2026	7. Etapa de assinatura do contrato	APROVADO	NAO	9
27/06/2026	7. Etapa de assinatura do contrato	APROVADO	SIM	113
27/06/2026	7.1 Finalização (automática)	APROVADO	SIM	2
27/06/2026	8. Etapa de Conclusão Total Cartao Afinz	APROVADO	NAO	9
27/06/2026	8. Etapa de Conclusão Total Cartao Afinz	APROVADO	SIM	111
27/06/2026	Perda	APROVADO	NAO	2
28/06/2026	0. Etapa de Digitação de CPF		0	1.084
28/06/2026	1. Etapa de início do onboarding		0	680
28/06/2026	1. Etapa de início do onboarding	APROVADO	NAO	1.555
28/06/2026	2. Etapa de geolocalizacao	APROVADO	NAO	6
28/06/2026	2. Etapa de geolocalizacao	APROVADO	SIM	110
28/06/2026	3. Etapa de fotos do documento	APROVADO	NAO	8
28/06/2026	3. Etapa de fotos do documento	APROVADO	SIM	94
28/06/2026	4. Etapa de biometria	APROVADO	NAO	9
28/06/2026	4. Etapa de biometria	APROVADO	SIM	94
28/06/2026	5. Etapa de endereço	APROVADO	NAO	9
28/06/2026	5. Etapa de endereço	APROVADO	SIM	94
28/06/2026	6. Etapa de personalização do cartão	APROVADO	NAO	9
28/06/2026	6. Etapa de personalização do cartão	APROVADO	SIM	94
28/06/2026	7. Etapa de assinatura do contrato	APROVADO	NAO	7
28/06/2026	7. Etapa de assinatura do contrato	APROVADO	SIM	88
28/06/2026	7.1 Finalização (automática)	APROVADO	SIM	2
28/06/2026	8. Etapa de Conclusão Total Cartao Afinz	APROVADO	NAO	7
28/06/2026	8. Etapa de Conclusão Total Cartao Afinz	APROVADO	SIM	86
28/06/2026	Perda	APROVADO	NAO	1
29/06/2026	0. Etapa de Digitação de CPF		0	1.054
29/06/2026	1. Etapa de início do onboarding		0	666
29/06/2026	1. Etapa de início do onboarding	APROVADO	NAO	1.497
29/06/2026	2. Etapa de geolocalizacao	APROVADO	NAO	13
29/06/2026	2. Etapa de geolocalizacao	APROVADO	SIM	128
29/06/2026	3. Etapa de fotos do documento	APROVADO	NAO	12
29/06/2026	3. Etapa de fotos do documento	APROVADO	SIM	114
29/06/2026	4. Etapa de biometria	APROVADO	NAO	11
29/06/2026	4. Etapa de biometria	APROVADO	SIM	112
29/06/2026	5. Etapa de endereço	APROVADO	NAO	11
29/06/2026	5. Etapa de endereço	APROVADO	SIM	112
29/06/2026	6. Etapa de personalização do cartão	APROVADO	NAO	11
29/06/2026	6. Etapa de personalização do cartão	APROVADO	SIM	111
29/06/2026	7. Etapa de assinatura do contrato	APROVADO	NAO	11
29/06/2026	7. Etapa de assinatura do contrato	APROVADO	SIM	109
29/06/2026	7.1 Finalização (automática)	APROVADO	SIM	4
29/06/2026	8. Etapa de Conclusão Total Cartao Afinz	APROVADO	NAO	11
29/06/2026	8. Etapa de Conclusão Total Cartao Afinz	APROVADO	SIM	105
29/06/2026	Perda	APROVADO	NAO	4
30/06/2026	0. Etapa de Digitação de CPF		0	1.285
30/06/2026	1. Etapa de início do onboarding		0	867
30/06/2026	1. Etapa de início do onboarding	APROVADO	NAO	2.022
30/06/2026	2. Etapa de geolocalizacao	APROVADO	NAO	2
30/06/2026	2. Etapa de geolocalizacao	APROVADO	SIM	138
30/06/2026	3. Etapa de fotos do documento	APROVADO	NAO	3
30/06/2026	3. Etapa de fotos do documento	APROVADO	SIM	122
30/06/2026	4. Etapa de biometria	APROVADO	NAO	3
30/06/2026	4. Etapa de biometria	APROVADO	SIM	118
30/06/2026	5. Etapa de endereço	APROVADO	NAO	3
30/06/2026	5. Etapa de endereço	APROVADO	SIM	117
30/06/2026	6. Etapa de personalização do cartão	APROVADO	NAO	3
30/06/2026	6. Etapa de personalização do cartão	APROVADO	SIM	117
30/06/2026	7. Etapa de assinatura do contrato	APROVADO	NAO	5
30/06/2026	7. Etapa de assinatura do contrato	APROVADO	SIM	115
30/06/2026	7.1 Finalização (automática)	APROVADO	SIM	2
30/06/2026	8. Etapa de Conclusão Total Cartao Afinz	APROVADO	NAO	5
30/06/2026	8. Etapa de Conclusão Total Cartao Afinz	APROVADO	SIM	113
30/06/2026	Perda	APROVADO	NAO	2
01/07/2026	0. Etapa de Digitação de CPF		0	1.788
01/07/2026	1. Etapa de início do onboarding		0	957
01/07/2026	1. Etapa de início do onboarding	APROVADO	NAO	2.238
01/07/2026	2. Etapa de geolocalizacao	APROVADO	SIM	197
01/07/2026	3. Etapa de fotos do documento	APROVADO	NAO	3
01/07/2026	3. Etapa de fotos do documento	APROVADO	SIM	170
01/07/2026	4. Etapa de biometria	APROVADO	NAO	3
01/07/2026	4. Etapa de biometria	APROVADO	SIM	168
01/07/2026	5. Etapa de endereço	APROVADO	NAO	3
01/07/2026	5. Etapa de endereço	APROVADO	SIM	168
01/07/2026	6. Etapa de personalização do cartão	APROVADO	NAO	3
01/07/2026	6. Etapa de personalização do cartão	APROVADO	SIM	168
01/07/2026	7. Etapa de assinatura do contrato	APROVADO	NAO	2
01/07/2026	7. Etapa de assinatura do contrato	APROVADO	SIM	163
01/07/2026	8. Etapa de Conclusão Total Cartao Afinz	APROVADO	NAO	2
01/07/2026	8. Etapa de Conclusão Total Cartao Afinz	APROVADO	SIM	163
01/07/2026	Perda	APROVADO	NAO	1
02/07/2026	0. Etapa de Digitação de CPF		0	1.617
02/07/2026	1. Etapa de início do onboarding		0	887
02/07/2026	1. Etapa de início do onboarding	APROVADO	NAO	2.019
02/07/2026	2. Etapa de geolocalizacao	APROVADO	SIM	152
02/07/2026	3. Etapa de fotos do documento	APROVADO	SIM	136
02/07/2026	4. Etapa de biometria	APROVADO	SIM	133
02/07/2026	5. Etapa de endereço	APROVADO	SIM	133
02/07/2026	6. Etapa de personalização do cartão	APROVADO	SIM	133
02/07/2026	7. Etapa de assinatura do contrato	APROVADO	SIM	129
02/07/2026	8. Etapa de Conclusão Total Cartao Afinz	APROVADO	SIM	129
03/07/2026	0. Etapa de Digitação de CPF		0	1.600
03/07/2026	1. Etapa de início do onboarding		0	851
03/07/2026	1. Etapa de início do onboarding	APROVADO	NAO	1.972
03/07/2026	2. Etapa de geolocalizacao	APROVADO	NAO	6
03/07/2026	2. Etapa de geolocalizacao	APROVADO	SIM	187
03/07/2026	3. Etapa de fotos do documento	APROVADO	NAO	10
03/07/2026	3. Etapa de fotos do documento	APROVADO	SIM	164
03/07/2026	4. Etapa de biometria	APROVADO	NAO	10
03/07/2026	4. Etapa de biometria	APROVADO	SIM	160
03/07/2026	5. Etapa de endereço	APROVADO	NAO	10
03/07/2026	5. Etapa de endereço	APROVADO	SIM	160
03/07/2026	6. Etapa de personalização do cartão	APROVADO	NAO	10
03/07/2026	6. Etapa de personalização do cartão	APROVADO	SIM	159
03/07/2026	7. Etapa de assinatura do contrato	APROVADO	NAO	10
03/07/2026	7. Etapa de assinatura do contrato	APROVADO	SIM	157
03/07/2026	7.1 Finalização (automática)	APROVADO	SIM	1
03/07/2026	8. Etapa de Conclusão Total Cartao Afinz	APROVADO	NAO	10
03/07/2026	8. Etapa de Conclusão Total Cartao Afinz	APROVADO	SIM	156
04/07/2026	0. Etapa de Digitação de CPF		0	1.482
04/07/2026	1. Etapa de início do onboarding		0	694
04/07/2026	1. Etapa de início do onboarding	APROVADO	NAO	1.635
04/07/2026	2. Etapa de geolocalizacao	APROVADO	NAO	2
04/07/2026	2. Etapa de geolocalizacao	APROVADO	SIM	181
04/07/2026	3. Etapa de fotos do documento	APROVADO	NAO	3
04/07/2026	3. Etapa de fotos do documento	APROVADO	SIM	164
04/07/2026	4. Etapa de biometria	APROVADO	NAO	3
04/07/2026	4. Etapa de biometria	APROVADO	SIM	154
04/07/2026	5. Etapa de endereço	APROVADO	NAO	3
04/07/2026	5. Etapa de endereço	APROVADO	SIM	153
04/07/2026	6. Etapa de personalização do cartão	APROVADO	NAO	3
04/07/2026	6. Etapa de personalização do cartão	APROVADO	SIM	153
04/07/2026	7. Etapa de assinatura do contrato	APROVADO	NAO	3
04/07/2026	7. Etapa de assinatura do contrato	APROVADO	SIM	147
04/07/2026	7.1 Finalização (automática)	APROVADO	SIM	2
04/07/2026	8. Etapa de Conclusão Total Cartao Afinz	APROVADO	NAO	3
04/07/2026	8. Etapa de Conclusão Total Cartao Afinz	APROVADO	SIM	145
05/07/2026	0. Etapa de Digitação de CPF		0	999
05/07/2026	1. Etapa de início do onboarding		0	535
05/07/2026	1. Etapa de início do onboarding	APROVADO	NAO	1.236
05/07/2026	2. Etapa de geolocalizacao	APROVADO	NAO	3
05/07/2026	2. Etapa de geolocalizacao	APROVADO	SIM	150
05/07/2026	3. Etapa de fotos do documento	APROVADO	NAO	3
05/07/2026	3. Etapa de fotos do documento	APROVADO	SIM	125
05/07/2026	4. Etapa de biometria	APROVADO	NAO	3
05/07/2026	4. Etapa de biometria	APROVADO	SIM	121
05/07/2026	5. Etapa de endereço	APROVADO	NAO	3
05/07/2026	5. Etapa de endereço	APROVADO	SIM	121
05/07/2026	6. Etapa de personalização do cartão	APROVADO	NAO	3
05/07/2026	6. Etapa de personalização do cartão	APROVADO	SIM	121
05/07/2026	7. Etapa de assinatura do contrato	APROVADO	NAO	2
05/07/2026	7. Etapa de assinatura do contrato	APROVADO	SIM	116
05/07/2026	7.1 Finalização (automática)	APROVADO	SIM	1
05/07/2026	8. Etapa de Conclusão Total Cartao Afinz	APROVADO	NAO	2
05/07/2026	8. Etapa de Conclusão Total Cartao Afinz	APROVADO	SIM	115
05/07/2026	Perda	APROVADO	NAO	1
06/07/2026	0. Etapa de Digitação de CPF		0	1.614
06/07/2026	1. Etapa de início do onboarding		0	923
06/07/2026	1. Etapa de início do onboarding	APROVADO	NAO	2.174
06/07/2026	2. Etapa de geolocalizacao	APROVADO	NAO	2
06/07/2026	2. Etapa de geolocalizacao	APROVADO	SIM	170
06/07/2026	3. Etapa de fotos do documento	APROVADO	NAO	2
06/07/2026	3. Etapa de fotos do documento	APROVADO	SIM	152
06/07/2026	4. Etapa de biometria	APROVADO	NAO	2
06/07/2026	4. Etapa de biometria	APROVADO	SIM	148
06/07/2026	5. Etapa de endereço	APROVADO	NAO	2
06/07/2026	5. Etapa de endereço	APROVADO	SIM	148
06/07/2026	6. Etapa de personalização do cartão	APROVADO	NAO	2
06/07/2026	6. Etapa de personalização do cartão	APROVADO	SIM	148
06/07/2026	7. Etapa de assinatura do contrato	APROVADO	NAO	2
06/07/2026	7. Etapa de assinatura do contrato	APROVADO	SIM	141
06/07/2026	7.1 Finalização (automática)	APROVADO	SIM	1
06/07/2026	8. Etapa de Conclusão Total Cartao Afinz	APROVADO	NAO	2
06/07/2026	8. Etapa de Conclusão Total Cartao Afinz	APROVADO	SIM	141
06/07/2026	Perda	APROVADO	NAO	3
07/07/2026	0. Etapa de Digitação de CPF		0	1.987
07/07/2026	1. Etapa de início do onboarding		0	1.208
07/07/2026	1. Etapa de início do onboarding	APROVADO	NAO	2.302
07/07/2026	2. Etapa de geolocalizacao	APROVADO	NAO	202
07/07/2026	2. Etapa de geolocalizacao	APROVADO	SIM	224
07/07/2026	3. Etapa de fotos do documento	APROVADO	NAO	166
07/07/2026	3. Etapa de fotos do documento	APROVADO	SIM	179
07/07/2026	4. Etapa de biometria	APROVADO	NAO	164
07/07/2026	4. Etapa de biometria	APROVADO	SIM	168
07/07/2026	5. Etapa de endereço	APROVADO	NAO	164
07/07/2026	5. Etapa de endereço	APROVADO	SIM	168
07/07/2026	6. Etapa de personalização do cartão	APROVADO	NAO	164
07/07/2026	6. Etapa de personalização do cartão	APROVADO	SIM	168
07/07/2026	7. Etapa de assinatura do contrato	APROVADO	NAO	144
07/07/2026	7. Etapa de assinatura do contrato	APROVADO	SIM	162
07/07/2026	7.1 Finalização (automática)	APROVADO	NAO	2
07/07/2026	8. Etapa de Conclusão Total Cartao Afinz	APROVADO	NAO	141
07/07/2026	8. Etapa de Conclusão Total Cartao Afinz	APROVADO	SIM	160
07/07/2026	Perda	APROVADO	NAO	36
07/07/2026	Perda	APROVADO	SIM	2
08/07/2026	0. Etapa de Digitação de CPF		0	1.707
08/07/2026	1. Etapa de início do onboarding		0	1.024
08/07/2026	1. Etapa de início do onboarding	APROVADO	NAO	2.258
08/07/2026	2. Etapa de geolocalizacao	APROVADO	NAO	58
08/07/2026	2. Etapa de geolocalizacao	APROVADO	SIM	228
08/07/2026	3. Etapa de fotos do documento	APROVADO	NAO	51
08/07/2026	3. Etapa de fotos do documento	APROVADO	SIM	184
08/07/2026	4. Etapa de biometria	APROVADO	NAO	49
08/07/2026	4. Etapa de biometria	APROVADO	SIM	180
08/07/2026	5. Etapa de endereço	APROVADO	NAO	49
08/07/2026	5. Etapa de endereço	APROVADO	SIM	178
08/07/2026	6. Etapa de personalização do cartão	APROVADO	NAO	49
08/07/2026	6. Etapa de personalização do cartão	APROVADO	SIM	178
08/07/2026	7. Etapa de assinatura do contrato	APROVADO	NAO	46
08/07/2026	7. Etapa de assinatura do contrato	APROVADO	SIM	167
08/07/2026	8. Etapa de Conclusão Total Cartao Afinz	APROVADO	NAO	46
08/07/2026	8. Etapa de Conclusão Total Cartao Afinz	APROVADO	SIM	165
08/07/2026	Perda	APROVADO	NAO	8
09/07/2026	0. Etapa de Digitação de CPF		0	1.616
09/07/2026	1. Etapa de início do onboarding		0	947
09/07/2026	1. Etapa de início do onboarding	APROVADO	NAO	2.148
09/07/2026	2. Etapa de geolocalizacao	APROVADO	NAO	18
09/07/2026	2. Etapa de geolocalizacao	APROVADO	SIM	154
09/07/2026	3. Etapa de fotos do documento	APROVADO	NAO	17
09/07/2026	3. Etapa de fotos do documento	APROVADO	SIM	138
09/07/2026	4. Etapa de biometria	APROVADO	NAO	16
09/07/2026	4. Etapa de biometria	APROVADO	SIM	134
09/07/2026	5. Etapa de endereço	APROVADO	NAO	16
09/07/2026	5. Etapa de endereço	APROVADO	SIM	134
09/07/2026	6. Etapa de personalização do cartão	APROVADO	NAO	16
09/07/2026	6. Etapa de personalização do cartão	APROVADO	SIM	134
09/07/2026	7. Etapa de assinatura do contrato	APROVADO	NAO	13
09/07/2026	7. Etapa de assinatura do contrato	APROVADO	SIM	128
09/07/2026	7.1 Finalização (automática)	APROVADO	SIM	1
09/07/2026	8. Etapa de Conclusão Total Cartao Afinz	APROVADO	NAO	13
09/07/2026	8. Etapa de Conclusão Total Cartao Afinz	APROVADO	SIM	129
09/07/2026	Perda	APROVADO	NAO	3
10/07/2026	0. Etapa de Digitação de CPF		0	1.380
10/07/2026	1. Etapa de início do onboarding		0	826
10/07/2026	1. Etapa de início do onboarding	APROVADO	NAO	1.911
10/07/2026	2. Etapa de geolocalizacao	APROVADO	NAO	7
10/07/2026	2. Etapa de geolocalizacao	APROVADO	SIM	119
10/07/2026	3. Etapa de fotos do documento	APROVADO	NAO	7
10/07/2026	3. Etapa de fotos do documento	APROVADO	SIM	116
10/07/2026	4. Etapa de biometria	APROVADO	NAO	7
10/07/2026	4. Etapa de biometria	APROVADO	SIM	113
10/07/2026	5. Etapa de endereço	APROVADO	NAO	7
10/07/2026	5. Etapa de endereço	APROVADO	SIM	113
10/07/2026	6. Etapa de personalização do cartão	APROVADO	NAO	7
10/07/2026	6. Etapa de personalização do cartão	APROVADO	SIM	113
10/07/2026	7. Etapa de assinatura do contrato	APROVADO	NAO	8
10/07/2026	7. Etapa de assinatura do contrato	APROVADO	SIM	111
10/07/2026	7.1 Finalização (automática)	APROVADO	SIM	1
10/07/2026	8. Etapa de Conclusão Total Cartao Afinz	APROVADO	NAO	8
10/07/2026	8. Etapa de Conclusão Total Cartao Afinz	APROVADO	SIM	110
10/07/2026	Perda	APROVADO	NAO	1
11/07/2026	0. Etapa de Digitação de CPF		0	1.245
11/07/2026	1. Etapa de início do onboarding		0	753
11/07/2026	1. Etapa de início do onboarding	APROVADO	NAO	1.744
11/07/2026	2. Etapa de geolocalizacao	APROVADO	NAO	3
11/07/2026	2. Etapa de geolocalizacao	APROVADO	SIM	127
11/07/2026	3. Etapa de fotos do documento	APROVADO	NAO	5
11/07/2026	3. Etapa de fotos do documento	APROVADO	SIM	104
11/07/2026	4. Etapa de biometria	APROVADO	NAO	4
11/07/2026	4. Etapa de biometria	APROVADO	SIM	99
11/07/2026	5. Etapa de endereço	APROVADO	NAO	4
11/07/2026	5. Etapa de endereço	APROVADO	SIM	99
11/07/2026	6. Etapa de personalização do cartão	APROVADO	NAO	4
11/07/2026	6. Etapa de personalização do cartão	APROVADO	SIM	99
11/07/2026	7. Etapa de assinatura do contrato	APROVADO	NAO	3
11/07/2026	7. Etapa de assinatura do contrato	APROVADO	SIM	98
11/07/2026	7.1 Finalização (automática)	APROVADO	SIM	1
11/07/2026	8. Etapa de Conclusão Total Cartao Afinz	APROVADO	NAO	3
11/07/2026	8. Etapa de Conclusão Total Cartao Afinz	APROVADO	SIM	97
11/07/2026	Perda	APROVADO	NAO	1
12/07/2026	0. Etapa de Digitação de CPF		0	1.178
12/07/2026	1. Etapa de início do onboarding		0	685
12/07/2026	1. Etapa de início do onboarding	APROVADO	NAO	1.571
12/07/2026	2. Etapa de geolocalizacao	APROVADO	NAO	4
12/07/2026	2. Etapa de geolocalizacao	APROVADO	SIM	107
12/07/2026	3. Etapa de fotos do documento	APROVADO	NAO	6
12/07/2026	3. Etapa de fotos do documento	APROVADO	SIM	87
12/07/2026	4. Etapa de biometria	APROVADO	NAO	6
12/07/2026	4. Etapa de biometria	APROVADO	SIM	90
12/07/2026	5. Etapa de endereço	APROVADO	NAO	6
12/07/2026	5. Etapa de endereço	APROVADO	SIM	90
12/07/2026	6. Etapa de personalização do cartão	APROVADO	NAO	6
12/07/2026	6. Etapa de personalização do cartão	APROVADO	SIM	90
12/07/2026	7. Etapa de assinatura do contrato	APROVADO	NAO	6
12/07/2026	7. Etapa de assinatura do contrato	APROVADO	SIM	90
12/07/2026	7.1 Finalização (automática)	APROVADO	SIM	1
12/07/2026	8. Etapa de Conclusão Total Cartao Afinz	APROVADO	NAO	6
12/07/2026	8. Etapa de Conclusão Total Cartao Afinz	APROVADO	SIM	88
12/07/2026	Perda	APROVADO	NAO	1
13/07/2026	0. Etapa de Digitação de CPF		0	1.711
13/07/2026	1. Etapa de início do onboarding		0	1.098
13/07/2026	1. Etapa de início do onboarding	APROVADO	NAO	2.565
13/07/2026	2. Etapa de geolocalizacao	APROVADO	NAO	10
13/07/2026	2. Etapa de geolocalizacao	APROVADO	SIM	132
13/07/2026	3. Etapa de fotos do documento	APROVADO	NAO	8
13/07/2026	3. Etapa de fotos do documento	APROVADO	SIM	113
13/07/2026	4. Etapa de biometria	APROVADO	NAO	8
13/07/2026	4. Etapa de biometria	APROVADO	SIM	109
13/07/2026	5. Etapa de endereço	APROVADO	NAO	8
13/07/2026	5. Etapa de endereço	APROVADO	SIM	109
13/07/2026	6. Etapa de personalização do cartão	APROVADO	NAO	8
13/07/2026	6. Etapa de personalização do cartão	APROVADO	SIM	108
13/07/2026	7. Etapa de assinatura do contrato	APROVADO	NAO	6
13/07/2026	7. Etapa de assinatura do contrato	APROVADO	SIM	105
13/07/2026	8. Etapa de Conclusão Total Cartao Afinz	APROVADO	NAO	6
13/07/2026	8. Etapa de Conclusão Total Cartao Afinz	APROVADO	SIM	105
13/07/2026	Perda	APROVADO	NAO	1
14/07/2026	0. Etapa de Digitação de CPF		0	1.528
14/07/2026	1. Etapa de início do onboarding		0	1.002
14/07/2026	1. Etapa de início do onboarding	APROVADO	NAO	2.189
14/07/2026	2. Etapa de geolocalizacao	APROVADO	NAO	56
14/07/2026	2. Etapa de geolocalizacao	APROVADO	SIM	123
14/07/2026	3. Etapa de fotos do documento	APROVADO	NAO	49
14/07/2026	3. Etapa de fotos do documento	APROVADO	SIM	110
14/07/2026	4. Etapa de biometria	APROVADO	NAO	48
14/07/2026	4. Etapa de biometria	APROVADO	SIM	111
14/07/2026	5. Etapa de endereço	APROVADO	NAO	48
14/07/2026	5. Etapa de endereço	APROVADO	SIM	111
14/07/2026	6. Etapa de personalização do cartão	APROVADO	NAO	48
14/07/2026	6. Etapa de personalização do cartão	APROVADO	SIM	109
14/07/2026	7. Etapa de assinatura do contrato	APROVADO	NAO	45
14/07/2026	7. Etapa de assinatura do contrato	APROVADO	SIM	105
14/07/2026	8. Etapa de Conclusão Total Cartao Afinz	APROVADO	NAO	45
14/07/2026	8. Etapa de Conclusão Total Cartao Afinz	APROVADO	SIM	105
14/07/2026	Perda	APROVADO	NAO	11
15/07/2026	0. Etapa de Digitação de CPF		0	1.576
15/07/2026	1. Etapa de início do onboarding		0	974
15/07/2026	1. Etapa de início do onboarding	APROVADO	NAO	2.191
15/07/2026	2. Etapa de geolocalizacao	APROVADO	NAO	36
15/07/2026	2. Etapa de geolocalizacao	APROVADO	SIM	148
15/07/2026	3. Etapa de fotos do documento	APROVADO	NAO	33
15/07/2026	3. Etapa de fotos do documento	APROVADO	SIM	136
15/07/2026	4. Etapa de biometria	APROVADO	NAO	32
15/07/2026	4. Etapa de biometria	APROVADO	SIM	137
15/07/2026	5. Etapa de endereço	APROVADO	NAO	31
15/07/2026	5. Etapa de endereço	APROVADO	SIM	137
15/07/2026	6. Etapa de personalização do cartão	APROVADO	NAO	31
15/07/2026	6. Etapa de personalização do cartão	APROVADO	SIM	137
15/07/2026	7. Etapa de assinatura do contrato	APROVADO	NAO	30
15/07/2026	7. Etapa de assinatura do contrato	APROVADO	SIM	130
15/07/2026	7.1 Finalização (automática)	APROVADO	SIM	1
15/07/2026	8. Etapa de Conclusão Total Cartao Afinz	APROVADO	NAO	30
15/07/2026	8. Etapa de Conclusão Total Cartao Afinz	APROVADO	SIM	129
15/07/2026	Perda	APROVADO	NAO	8
16/07/2026	0. Etapa de Digitação de CPF		0	1.476
16/07/2026	1. Etapa de início do onboarding		0	923
16/07/2026	1. Etapa de início do onboarding	APROVADO	NAO	2.168
16/07/2026	2. Etapa de geolocalizacao	APROVADO	NAO	5
16/07/2026	2. Etapa de geolocalizacao	APROVADO	SIM	153
16/07/2026	3. Etapa de fotos do documento	APROVADO	NAO	9
16/07/2026	3. Etapa de fotos do documento	APROVADO	SIM	142
16/07/2026	4. Etapa de biometria	APROVADO	NAO	9
16/07/2026	4. Etapa de biometria	APROVADO	SIM	139
16/07/2026	5. Etapa de endereço	APROVADO	NAO	10
16/07/2026	5. Etapa de endereço	APROVADO	SIM	138
16/07/2026	6. Etapa de personalização do cartão	APROVADO	NAO	10
16/07/2026	6. Etapa de personalização do cartão	APROVADO	SIM	138
16/07/2026	7. Etapa de assinatura do contrato	APROVADO	NAO	7
16/07/2026	7. Etapa de assinatura do contrato	APROVADO	SIM	134
16/07/2026	8. Etapa de Conclusão Total Cartao Afinz	APROVADO	NAO	7
16/07/2026	8. Etapa de Conclusão Total Cartao Afinz	APROVADO	SIM	134
16/07/2026	Perda	APROVADO	NAO	3
17/07/2026	0. Etapa de Digitação de CPF		0	1.448
17/07/2026	1. Etapa de início do onboarding		0	904
17/07/2026	1. Etapa de início do onboarding	APROVADO	NAO	2.124
17/07/2026	2. Etapa de geolocalizacao	APROVADO	NAO	6
17/07/2026	2. Etapa de geolocalizacao	APROVADO	SIM	101
17/07/2026	3. Etapa de fotos do documento	APROVADO	NAO	6
17/07/2026	3. Etapa de fotos do documento	APROVADO	SIM	94
17/07/2026	4. Etapa de biometria	APROVADO	NAO	5
17/07/2026	4. Etapa de biometria	APROVADO	SIM	92
17/07/2026	5. Etapa de endereço	APROVADO	NAO	5
17/07/2026	5. Etapa de endereço	APROVADO	SIM	92
17/07/2026	6. Etapa de personalização do cartão	APROVADO	NAO	5
17/07/2026	6. Etapa de personalização do cartão	APROVADO	SIM	92
17/07/2026	7. Etapa de assinatura do contrato	APROVADO	NAO	5
17/07/2026	7. Etapa de assinatura do contrato	APROVADO	SIM	86
17/07/2026	7.1 Finalização (automática)	APROVADO	SIM	1
17/07/2026	8. Etapa de Conclusão Total Cartao Afinz	APROVADO	NAO	5
17/07/2026	8. Etapa de Conclusão Total Cartao Afinz	APROVADO	SIM	85
18/07/2026	0. Etapa de Digitação de CPF		0	1.161
18/07/2026	1. Etapa de início do onboarding		0	931
18/07/2026	1. Etapa de início do onboarding	APROVADO	NAO	2.181
18/07/2026	2. Etapa de geolocalizacao	APROVADO	NAO	6
18/07/2026	2. Etapa de geolocalizacao	APROVADO	SIM	82
18/07/2026	3. Etapa de fotos do documento	APROVADO	NAO	6
18/07/2026	3. Etapa de fotos do documento	APROVADO	SIM	72
18/07/2026	4. Etapa de biometria	APROVADO	NAO	5
18/07/2026	4. Etapa de biometria	APROVADO	SIM	71
18/07/2026	5. Etapa de endereço	APROVADO	NAO	5
18/07/2026	5. Etapa de endereço	APROVADO	SIM	71
18/07/2026	6. Etapa de personalização do cartão	APROVADO	NAO	5
18/07/2026	6. Etapa de personalização do cartão	APROVADO	SIM	71
18/07/2026	7. Etapa de assinatura do contrato	APROVADO	NAO	4
18/07/2026	7. Etapa de assinatura do contrato	APROVADO	SIM	67
18/07/2026	7.1 Finalização (automática)	APROVADO	SIM	1
18/07/2026	8. Etapa de Conclusão Total Cartao Afinz	APROVADO	NAO	4
18/07/2026	8. Etapa de Conclusão Total Cartao Afinz	APROVADO	SIM	65
18/07/2026	Perda	APROVADO	NAO	1
19/07/2026	0. Etapa de Digitação de CPF		0	1.041
19/07/2026	1. Etapa de início do onboarding		0	690
19/07/2026	1. Etapa de início do onboarding	APROVADO	NAO	1.542
19/07/2026	2. Etapa de geolocalizacao	APROVADO	NAO	4
19/07/2026	2. Etapa de geolocalizacao	APROVADO	SIM	81
19/07/2026	3. Etapa de fotos do documento	APROVADO	NAO	2
19/07/2026	3. Etapa de fotos do documento	APROVADO	SIM	77
19/07/2026	4. Etapa de biometria	APROVADO	NAO	2
19/07/2026	4. Etapa de biometria	APROVADO	SIM	75
19/07/2026	5. Etapa de endereço	APROVADO	NAO	2
19/07/2026	5. Etapa de endereço	APROVADO	SIM	75
19/07/2026	6. Etapa de personalização do cartão	APROVADO	NAO	2
19/07/2026	6. Etapa de personalização do cartão	APROVADO	SIM	75
19/07/2026	7. Etapa de assinatura do contrato	APROVADO	NAO	1
19/07/2026	7. Etapa de assinatura do contrato	APROVADO	SIM	70
19/07/2026	7.1 Finalização (automática)	APROVADO	SIM	1
19/07/2026	8. Etapa de Conclusão Total Cartao Afinz	APROVADO	NAO	1
19/07/2026	8. Etapa de Conclusão Total Cartao Afinz	APROVADO	SIM	70
19/07/2026	Perda	APROVADO	NAO	3
20/07/2026	0. Etapa de Digitação de CPF		0	1.644
20/07/2026	1. Etapa de início do onboarding		0	1.017
20/07/2026	1. Etapa de início do onboarding	APROVADO	NAO	2.242
20/07/2026	2. Etapa de geolocalizacao	APROVADO	NAO	48
20/07/2026	2. Etapa de geolocalizacao	APROVADO	SIM	141
20/07/2026	3. Etapa de fotos do documento	APROVADO	NAO	42
20/07/2026	3. Etapa de fotos do documento	APROVADO	SIM	119
20/07/2026	4. Etapa de biometria	APROVADO	NAO	39
20/07/2026	4. Etapa de biometria	APROVADO	SIM	118
20/07/2026	5. Etapa de endereço	APROVADO	NAO	38
20/07/2026	5. Etapa de endereço	APROVADO	SIM	118
20/07/2026	6. Etapa de personalização do cartão	APROVADO	NAO	38
20/07/2026	6. Etapa de personalização do cartão	APROVADO	SIM	118
20/07/2026	7. Etapa de assinatura do contrato	APROVADO	NAO	35
20/07/2026	7. Etapa de assinatura do contrato	APROVADO	SIM	112
20/07/2026	8. Etapa de Conclusão Total Cartao Afinz	APROVADO	NAO	34
20/07/2026	8. Etapa de Conclusão Total Cartao Afinz	APROVADO	SIM	112
20/07/2026	Perda	APROVADO	NAO	6
21/07/2026	0. Etapa de Digitação de CPF		0	1.546
21/07/2026	1. Etapa de início do onboarding		0	1.080
21/07/2026	1. Etapa de início do onboarding	APROVADO	NAO	2.486
21/07/2026	2. Etapa de geolocalizacao	APROVADO	NAO	18
21/07/2026	2. Etapa de geolocalizacao	APROVADO	SIM	135
21/07/2026	3. Etapa de fotos do documento	APROVADO	NAO	16
21/07/2026	3. Etapa de fotos do documento	APROVADO	SIM	126
21/07/2026	4. Etapa de biometria	APROVADO	NAO	15
21/07/2026	4. Etapa de biometria	APROVADO	SIM	115
21/07/2026	5. Etapa de endereço	APROVADO	NAO	15
21/07/2026	5. Etapa de endereço	APROVADO	SIM	115
21/07/2026	6. Etapa de personalização do cartão	APROVADO	NAO	15
21/07/2026	6. Etapa de personalização do cartão	APROVADO	SIM	115
21/07/2026	7. Etapa de assinatura do contrato	APROVADO	NAO	14
21/07/2026	7. Etapa de assinatura do contrato	APROVADO	SIM	112
21/07/2026	7.1 Finalização (automática)	APROVADO	SIM	1
21/07/2026	8. Etapa de Conclusão Total Cartao Afinz	APROVADO	NAO	14
21/07/2026	8. Etapa de Conclusão Total Cartao Afinz	APROVADO	SIM	111
21/07/2026	Perda	APROVADO	NAO	7
22/07/2026	0. Etapa de Digitação de CPF		0	885
22/07/2026	1. Etapa de início do onboarding		0	1.000
22/07/2026	1. Etapa de início do onboarding	APROVADO	NAO	2.315
22/07/2026	2. Etapa de geolocalizacao	APROVADO	NAO	6
22/07/2026	2. Etapa de geolocalizacao	APROVADO	SIM	55
22/07/2026	3. Etapa de fotos do documento	APROVADO	NAO	8
22/07/2026	3. Etapa de fotos do documento	APROVADO	SIM	53
22/07/2026	4. Etapa de biometria	APROVADO	NAO	6
22/07/2026	4. Etapa de biometria	APROVADO	SIM	48
22/07/2026	5. Etapa de endereço	APROVADO	NAO	7
22/07/2026	5. Etapa de endereço	APROVADO	SIM	48
22/07/2026	6. Etapa de personalização do cartão	APROVADO	NAO	7
22/07/2026	6. Etapa de personalização do cartão	APROVADO	SIM	48
22/07/2026	7. Etapa de assinatura do contrato	APROVADO	NAO	7
22/07/2026	7. Etapa de assinatura do contrato	APROVADO	SIM	48
22/07/2026	8. Etapa de Conclusão Total Cartao Afinz	APROVADO	NAO	7
22/07/2026	8. Etapa de Conclusão Total Cartao Afinz	APROVADO	SIM	48
22/07/2026	Perda	APROVADO	NAO	1
23/07/2026	0. Etapa de Digitação de CPF		0	896
23/07/2026	1. Etapa de início do onboarding		0	1.016
23/07/2026	1. Etapa de início do onboarding	APROVADO	NAO	2.421
23/07/2026	2. Etapa de geolocalizacao	APROVADO	NAO	9
23/07/2026	2. Etapa de geolocalizacao	APROVADO	SIM	43
23/07/2026	3. Etapa de fotos do documento	APROVADO	NAO	9
23/07/2026	3. Etapa de fotos do documento	APROVADO	SIM	39
23/07/2026	4. Etapa de biometria	APROVADO	NAO	8
23/07/2026	4. Etapa de biometria	APROVADO	SIM	40
23/07/2026	5. Etapa de endereço	APROVADO	NAO	8
23/07/2026	5. Etapa de endereço	APROVADO	SIM	39
23/07/2026	6. Etapa de personalização do cartão	APROVADO	NAO	8
23/07/2026	6. Etapa de personalização do cartão	APROVADO	SIM	39
23/07/2026	7. Etapa de assinatura do contrato	APROVADO	NAO	8
23/07/2026	7. Etapa de assinatura do contrato	APROVADO	SIM	38
23/07/2026	8. Etapa de Conclusão Total Cartao Afinz	APROVADO	NAO	8
23/07/2026	8. Etapa de Conclusão Total Cartao Afinz	APROVADO	SIM	39
24/07/2026	0. Etapa de Digitação de CPF		0	904
24/07/2026	1. Etapa de início do onboarding		0	1.052
24/07/2026	1. Etapa de início do onboarding	APROVADO	NAO	2.250
24/07/2026	2. Etapa de geolocalizacao	APROVADO	NAO	64
24/07/2026	2. Etapa de geolocalizacao	APROVADO	SIM	72
24/07/2026	3. Etapa de fotos do documento	APROVADO	NAO	52
24/07/2026	3. Etapa de fotos do documento	APROVADO	SIM	59
24/07/2026	4. Etapa de biometria	APROVADO	NAO	49
24/07/2026	4. Etapa de biometria	APROVADO	SIM	57
24/07/2026	5. Etapa de endereço	APROVADO	NAO	48
24/07/2026	5. Etapa de endereço	APROVADO	SIM	58
24/07/2026	6. Etapa de personalização do cartão	APROVADO	NAO	48
24/07/2026	6. Etapa de personalização do cartão	APROVADO	SIM	58
24/07/2026	7. Etapa de assinatura do contrato	APROVADO	NAO	45
24/07/2026	7. Etapa de assinatura do contrato	APROVADO	SIM	56
24/07/2026	8. Etapa de Conclusão Total Cartao Afinz	APROVADO	NAO	44
24/07/2026	8. Etapa de Conclusão Total Cartao Afinz	APROVADO	SIM	55
24/07/2026	Perda	APROVADO	NAO	15
25/07/2026	0. Etapa de Digitação de CPF		0	830
25/07/2026	1. Etapa de início do onboarding		0	939
25/07/2026	1. Etapa de início do onboarding	APROVADO	NAO	2.154
25/07/2026	2. Etapa de geolocalizacao	APROVADO	NAO	19
25/07/2026	2. Etapa de geolocalizacao	APROVADO	SIM	60
25/07/2026	3. Etapa de fotos do documento	APROVADO	NAO	12
25/07/2026	3. Etapa de fotos do documento	APROVADO	SIM	54
25/07/2026	4. Etapa de biometria	APROVADO	NAO	12
25/07/2026	4. Etapa de biometria	APROVADO	SIM	54
25/07/2026	5. Etapa de endereço	APROVADO	NAO	13
25/07/2026	5. Etapa de endereço	APROVADO	SIM	54
25/07/2026	6. Etapa de personalização do cartão	APROVADO	NAO	13
25/07/2026	6. Etapa de personalização do cartão	APROVADO	SIM	54
25/07/2026	7. Etapa de assinatura do contrato	APROVADO	NAO	11
25/07/2026	7. Etapa de assinatura do contrato	APROVADO	SIM	50
25/07/2026	8. Etapa de Conclusão Total Cartao Afinz	APROVADO	NAO	11
25/07/2026	8. Etapa de Conclusão Total Cartao Afinz	APROVADO	SIM	49
25/07/2026	Perda	APROVADO	NAO	12
26/07/2026	0. Etapa de Digitação de CPF		0	659
26/07/2026	1. Etapa de início do onboarding		0	746
26/07/2026	1. Etapa de início do onboarding	APROVADO	NAO	1.650
26/07/2026	2. Etapa de geolocalizacao	APROVADO	NAO	8
26/07/2026	2. Etapa de geolocalizacao	APROVADO	SIM	49
26/07/2026	3. Etapa de fotos do documento	APROVADO	NAO	8
26/07/2026	3. Etapa de fotos do documento	APROVADO	SIM	48
26/07/2026	4. Etapa de biometria	APROVADO	NAO	7
26/07/2026	4. Etapa de biometria	APROVADO	SIM	46
26/07/2026	5. Etapa de endereço	APROVADO	NAO	7
26/07/2026	5. Etapa de endereço	APROVADO	SIM	46
26/07/2026	6. Etapa de personalização do cartão	APROVADO	NAO	7
26/07/2026	6. Etapa de personalização do cartão	APROVADO	SIM	46
26/07/2026	7. Etapa de assinatura do contrato	APROVADO	NAO	6
26/07/2026	7. Etapa de assinatura do contrato	APROVADO	SIM	46
26/07/2026	7.1 Finalização (automática)	APROVADO	SIM	1
26/07/2026	8. Etapa de Conclusão Total Cartao Afinz	APROVADO	NAO	6
26/07/2026	8. Etapa de Conclusão Total Cartao Afinz	APROVADO	SIM	45
26/07/2026	Perda	APROVADO	NAO	1
27/07/2026	0. Etapa de Digitação de CPF		0	37
27/07/2026	1. Etapa de início do onboarding	APROVADO	NAO	123
27/07/2026	2. Etapa de geolocalizacao	APROVADO	SIM	2
27/07/2026	3. Etapa de fotos do documento	APROVADO	SIM	2
27/07/2026	4. Etapa de biometria	APROVADO	SIM	2
27/07/2026	5. Etapa de endereço	APROVADO	SIM	2
27/07/2026	6. Etapa de personalização do cartão	APROVADO	SIM	2
27/07/2026	7. Etapa de assinatura do contrato	APROVADO	SIM	2
27/07/2026	8. Etapa de Conclusão Total Cartao Afinz	APROVADO	SIM	2
