date,media_source,installs,sessions,clicks
2026-06-01,Acordo_Certo,0,0,32
2026-06-01,Blog,0,0,112
2026-06-01,Cross_sale,0,0,226
2026-06-01,SMS,0,0,5
2026-06-01,Serasa,0,0,9
2026-06-01,WhatsApp,0,0,1222
2026-06-01,organic,31,91,0
2026-06-01,outros,0,0,15
2026-06-02,Acordo_Certo,0,0,32
2026-06-02,Blog,0,0,124
2026-06-02,Cross_sale,0,0,204
2026-06-02,SMS,0,0,8
2026-06-02,Serasa,0,0,12
2026-06-02,WhatsApp,0,0,278
2026-06-02,organic,31,85,0
2026-06-02,outros,0,0,5
2026-06-03,Acordo_Certo,0,0,55
2026-06-03,Blog,0,0,928
2026-06-03,Cross_sale,0,0,273
2026-06-03,SMS,0,0,3
2026-06-03,Serasa,0,0,9
2026-06-03,WhatsApp,0,0,115
2026-06-03,organic,47,148,0
2026-06-04,Acordo_Certo,0,0,31
2026-06-04,Blog,0,0,130
2026-06-04,Cross_sale,0,0,271
2026-06-04,Serasa,0,0,12
2026-06-04,WhatsApp,0,0,173
2026-06-04,organic,34,62,0
2026-06-04,outros,0,0,10
2026-06-05,Acordo_Certo,0,0,48
2026-06-05,Blog,0,0,129
2026-06-05,Cross_sale,0,0,251
2026-06-05,SMS,0,0,2
2026-06-05,Serasa,0,0,15
2026-06-05,WhatsApp,0,0,133
2026-06-05,organic,38,118,0
2026-06-05,outros,0,0,1
2026-06-06,Acordo_Certo,0,0,30
2026-06-06,Blog,0,0,97
2026-06-06,Cross_sale,0,0,227
2026-06-06,SMS,0,0,2
2026-06-06,Serasa,0,0,13
2026-06-06,WhatsApp,0,0,217
2026-06-06,organic,1,16,0
2026-06-07,Acordo_Certo,0,0,22
2026-06-07,Blog,0,0,72
2026-06-07,Cross_sale,0,0,204
2026-06-07,SMS,0,0,2
2026-06-07,Serasa,0,0,12
2026-06-07,WhatsApp,0,0,142
2026-06-07,organic,4,14,0
2026-06-08,Acordo_Certo,0,0,21
2026-06-08,Blog,20,75,158
2026-06-08,Cross_sale,13,74,209
2026-06-08,Facebook Ads,0,0,162
2026-06-08,SMS,0,0,6
2026-06-08,Serasa,1,3,5
2026-06-08,WhatsApp,93,423,1058
2026-06-08,organic,666,2585,0
2026-06-08,outros,0,0,2
2026-06-09,Acordo_Certo,1,1,21
2026-06-09,Blog,23,76,164
2026-06-09,Cross_sale,65,428,588
2026-06-09,Facebook Ads,0,0,145
2026-06-09,SMS,0,0,4
2026-06-09,Serasa,1,2,13
2026-06-09,WhatsApp,25,183,317
2026-06-09,espaco_laser,0,0,1
2026-06-09,organic,1407,5438,0
2026-06-10,Acordo_Certo,2,6,16
2026-06-10,Blog,18,63,148
2026-06-10,Cross_sale,81,584,609
2026-06-10,Facebook Ads,0,0,139
2026-06-10,SMS,0,0,2
2026-06-10,Serasa,0,0,13
2026-06-10,WhatsApp,15,121,203
2026-06-10,organic,1812,7401,0
2026-06-11,Acordo_Certo,1,3,20
2026-06-11,Blog,20,82,149
2026-06-11,Cross_sale,108,850,618
2026-06-11,Facebook Ads,0,0,140
2026-06-11,SMS,1,10,3
2026-06-11,Serasa,1,3,11
2026-06-11,WhatsApp,33,203,539
2026-06-11,organic,2738,11180,0
2026-06-12,Acordo_Certo,2,10,11
2026-06-12,Blog,10,35,107
2026-06-12,Cross_sale,89,826,481
2026-06-12,Facebook Ads,0,0,143
2026-06-12,SMS,0,3,5
2026-06-12,Serasa,3,7,12
2026-06-12,WhatsApp,24,204,507
2026-06-12,organic,4666,18534,0
2026-06-13,Acordo_Certo,2,6,16
2026-06-13,Blog,17,63,87
2026-06-13,Cross_sale,83,685,352
2026-06-13,Facebook Ads,0,0,162
2026-06-13,SMS,0,2,2
2026-06-13,Serasa,1,5,10
2026-06-13,WhatsApp,15,123,334
2026-06-13,organic,6412,24574,0
2026-06-14,Acordo_Certo,1,3,16
2026-06-14,Blog,13,57,73
2026-06-14,Cross_sale,85,729,379
2026-06-14,Facebook Ads,0,0,170
2026-06-14,SMS,0,5,2
2026-06-14,Serasa,0,1,12
2026-06-14,WhatsApp,27,163,343
2026-06-14,organic,7288,26096,0
2026-06-15,Acordo_Certo,4,19,20
2026-06-15,Blog,35,145,166
2026-06-15,Cross_sale,105,958,277
2026-06-15,Facebook Ads,0,0,162
2026-06-15,SMS,0,1,5
2026-06-15,Serasa,1,2,16
2026-06-15,WhatsApp,41,300,343
2026-06-15,organic,17871,65640,0
2026-06-16,Acordo_Certo,6,21,24
2026-06-16,Blog,49,202,150
2026-06-16,Cross_sale,189,1471,189
2026-06-16,Facebook Ads,1,3,193
2026-06-16,SMS,0,4,8
2026-06-16,Serasa,2,13,15
2026-06-16,WhatsApp,21,256,151
2026-06-16,organic,26575,102319,0
2026-06-17,Acordo_Certo,6,20,16
2026-06-17,Blog,71,268,167
2026-06-17,Cross_sale,337,2547,420
2026-06-17,Facebook Ads,0,1,167
2026-06-17,SMS,0,2,6
2026-06-17,Serasa,2,11,9
2026-06-17,WhatsApp,149,840,607
2026-06-17,googleadwords_int,2,5,0
2026-06-17,organic,38287,154800,0
2026-06-18,Acordo_Certo,5,23,14
2026-06-18,Blog,82,337,151
2026-06-18,Cross_sale,271,2508,401
2026-06-18,Facebook Ads,0,0,150
2026-06-18,Serasa,1,4,6
2026-06-18,WhatsApp,57,510,280
2026-06-18,organic,34170,161701,0
2026-06-19,Acordo_Certo,1,6,14
2026-06-19,Blog,46,197,108
2026-06-19,Cross_sale,180,2083,304
2026-06-19,Facebook Ads,0,0,142
2026-06-19,SMS,0,2,4
2026-06-19,Serasa,2,7,8
2026-06-19,WhatsApp,31,345,124
2026-06-19,googleadwords_int,0,3,0
2026-06-19,organic,29193,156895,0
2026-06-20,Acordo_Certo,2,9,3
2026-06-20,Blog,36,146,72
2026-06-20,Cross_sale,171,1933,280
2026-06-20,Facebook Ads,0,0,137
2026-06-20,SMS,0,0,3
2026-06-20,Serasa,1,6,23
2026-06-20,WhatsApp,19,302,105
2026-06-20,organic,23113,146538,0
2026-06-21,Acordo_Certo,2,6,10
2026-06-21,Blog,50,207,105
2026-06-21,Cross_sale,170,1833,296
2026-06-21,Facebook Ads,0,1,166
2026-06-21,SMS,0,2,2
2026-06-21,Serasa,1,18,6
2026-06-21,WhatsApp,13,206,44
2026-06-21,organic,16518,111858,0
2026-06-22,Acordo_Certo,3,17,8
2026-06-22,Blog,59,263,123
2026-06-22,Cross_sale,185,2719,378
2026-06-22,Facebook Ads,2,2,126
2026-06-22,SMS,0,7,1
2026-06-22,Serasa,2,8,19
2026-06-22,WhatsApp,10,277,38
2026-06-22,googleadwords_int,1,6,0
2026-06-22,organic,24113,184238,0
2026-06-23,Acordo_Certo,1,5,4
2026-06-23,Blog,65,247,140
2026-06-23,Cross_sale,160,2542,352
2026-06-23,Facebook Ads,7,31,73
2026-06-23,SMS,0,0,1
2026-06-23,Serasa,4,18,33
2026-06-23,WhatsApp,142,906,721
2026-06-23,googleadwords_int,0,2,0
2026-06-23,organic,19235,160723,0
2026-06-24,Acordo_Certo,1,3,6
2026-06-24,Blog,54,227,143
2026-06-24,Cross_sale,168,2388,354
2026-06-24,Facebook Ads,16,56,86
2026-06-24,SMS,0,1,3
2026-06-24,Serasa,1,3,17
2026-06-24,WhatsApp,55,609,273
2026-06-24,crm,2,6,9
2026-06-24,googleadwords_int,0,2,0
2026-06-24,organic,13663,125060,0
2026-06-25,Acordo_Certo,2,9,14
2026-06-25,Blog,52,246,118
2026-06-25,Cross_sale,199,2661,380
2026-06-25,Facebook Ads,9,41,82
2026-06-25,SMS,0,0,2
2026-06-25,Serasa,0,2,8
2026-06-25,WhatsApp,30,417,178
2026-06-25,crm,7,26,28
2026-06-25,organic,14442,142805,0
2026-06-26,Acordo_Certo,4,15,15
2026-06-26,Blog,48,226,118
2026-06-26,Cross_sale,164,2561,340
2026-06-26,Facebook Ads,13,61,67
2026-06-26,SMS,3,13,7
2026-06-26,Serasa,1,3,5
2026-06-26,WhatsApp,103,726,469
2026-06-26,crm,8,22,23
2026-06-26,organic,13998,147458,0
2026-06-27,Acordo_Certo,2,11,6
2026-06-27,Blog,39,173,80
2026-06-27,Cross_sale,173,2513,326
2026-06-27,Facebook Ads,11,45,46
2026-06-27,SMS,1,8,3
2026-06-27,Serasa,1,4,14
2026-06-27,WhatsApp,31,430,207
2026-06-27,crm,8,28,34
2026-06-27,googleadwords_int,0,2,0
2026-06-27,organic,10346,122754,0
2026-06-28,Acordo_Certo,3,14,5
2026-06-28,Blog,30,137,66
2026-06-28,Cross_sale,120,2008,256
2026-06-28,Facebook Ads,9,55,73
2026-06-28,SMS,1,8,0
2026-06-28,Serasa,1,6,4
2026-06-28,WhatsApp,19,303,102
2026-06-28,crm,6,23,24
2026-06-28,organic,7367,91690,0
2026-06-29,Acordo_Certo,2,8,8
2026-06-29,Blog,30,142,77
2026-06-29,Cross_sale,136,2270,270
2026-06-29,Facebook Ads,7,32,89
2026-06-29,SMS,0,0,2
2026-06-29,Serasa,2,8,3
2026-06-29,WhatsApp,17,358,171
2026-06-29,crm,24,88,74
2026-06-29,organic,9677,125157,0
2026-06-30,Acordo_Certo,1,3,10
2026-06-30,Blog,37,190,90
2026-06-30,Cross_sale,169,2823,301
2026-06-30,Facebook Ads,14,59,54
2026-06-30,SMS,0,0,3
2026-06-30,Serasa,1,5,9
2026-06-30,WhatsApp,48,577,288
2026-06-30,crm,20,68,87
2026-06-30,organic,11785,156406,0
2026-07-01,Acordo_Certo,2,8,3
2026-07-01,Blog,39,186,109
2026-07-01,Cross_sale,161,2777,320
2026-07-01,Facebook Ads,8,41,143
2026-07-01,SMS,0,2,0
2026-07-01,Serasa,3,12,13
2026-07-01,WhatsApp,18,435,125
2026-07-01,crm,8,22,37
2026-07-01,organic,11358,160748,0
2026-07-02,Acordo_Certo,2,7,13
2026-07-02,Blog,40,177,117
2026-07-02,Cross_sale,166,2933,334
2026-07-02,Facebook Ads,20,80,536
2026-07-02,SMS,0,2,1
2026-07-02,Serasa,3,10,14
2026-07-02,WhatsApp,24,488,99
2026-07-02,crm,16,64,71
2026-07-02,organic,10022,156022,0
2026-07-03,Acordo_Certo,2,8,10
2026-07-03,Blog,33,170,95
2026-07-03,Cross_sale,136,2942,312
2026-07-03,Facebook Ads,86,354,640
2026-07-03,SMS,0,1,2
2026-07-03,Serasa,0,2,9
2026-07-03,WhatsApp,12,451,137
2026-07-03,crm,18,69,65
2026-07-03,googleadwords_int,0,1,0
2026-07-03,organic,9495,165038,0
2026-07-04,Acordo_Certo,1,7,8
2026-07-04,Blog,36,170,81
2026-07-04,Cross_sale,137,2594,249
2026-07-04,Facebook Ads,65,272,604
2026-07-04,SMS,0,1,4
2026-07-04,Serasa,2,10,13
2026-07-04,WhatsApp,17,365,110
2026-07-04,crm,9,33,31
2026-07-04,googleadwords_int,0,1,0
2026-07-04,organic,7070,136700,0
2026-07-05,Acordo_Certo,1,2,17
2026-07-05,Blog,22,109,67
2026-07-05,Cross_sale,98,1894,212
2026-07-05,Facebook Ads,42,175,795
2026-07-05,SMS,0,0,2
2026-07-05,Serasa,0,1,8
2026-07-05,WhatsApp,12,280,68
2026-07-05,crm,3,16,23
2026-07-05,googleadwords_int,0,1,0
2026-07-05,organic,4835,89891,0
2026-07-06,Acordo_Certo,1,4,3
2026-07-06,Blog,41,206,119
2026-07-06,CRM,6,32,0
2026-07-06,Cross_sale,133,2991,284
2026-07-06,Facebook Ads,110,490,690
2026-07-06,SMS,0,5,2
2026-07-06,Serasa,1,8,8
2026-07-06,WhatsApp,5,398,25
2026-07-06,crm,6,30,122
2026-07-06,organic,9992,188979,0
2026-07-07,Acordo_Certo,0,1,6
2026-07-07,Blog,47,234,111
2026-07-07,CRM,218,1191,0
2026-07-07,Cross_sale,160,3438,348
2026-07-07,Facebook Ads,91,514,580
2026-07-07,SMS,0,4,7
2026-07-07,Serasa,1,12,9
2026-07-07,WhatsApp,6,462,22
2026-07-07,crm,14,45,1032
2026-07-07,organic,10429,212967,0
2026-07-08,Acordo_Certo,0,2,1
2026-07-08,Blog,48,252,117
2026-07-08,CRM,86,571,0
2026-07-08,Cross_sale,180,3551,366
2026-07-08,Facebook Ads,51,362,612
2026-07-08,SMS,0,2,1
2026-07-08,Serasa,0,0,7
2026-07-08,WhatsApp,0,350,18
2026-07-08,crm,10,44,579
2026-07-08,googleadwords_int,0,1,0
2026-07-08,organic,8047,179378,0
2026-07-09,Acordo_Certo,0,0,5
2026-07-09,Blog,48,251,119
2026-07-09,CRM,26,275,0
2026-07-09,Cross_sale,189,3289,375
2026-07-09,Facebook Ads,53,336,583
2026-07-09,SMS,0,2,2
2026-07-09,Serasa,1,6,11
2026-07-09,WhatsApp,2,296,11
2026-07-09,crm,40,150,285
2026-07-09,organic,6462,151134,0
2026-07-10,Acordo_Certo,0,9,2
2026-07-10,Blog,43,210,99
2026-07-10,CRM,15,197,0
2026-07-10,Cross_sale,188,3707,334
2026-07-10,Facebook Ads,65,394,544
2026-07-10,SMS,0,3,1
2026-07-10,Serasa,5,22,13
2026-07-10,WhatsApp,2,298,10
2026-07-10,crm,31,131,224
2026-07-10,organic,6657,162594,0
2026-07-11,Acordo_Certo,0,0,2
2026-07-11,Blog,41,211,100
2026-07-11,CRM,13,188,0
2026-07-11,Cross_sale,132,2990,308
2026-07-11,Facebook Ads,31,217,669
2026-07-11,SMS,1,6,2
2026-07-11,Serasa,0,0,5
2026-07-11,WhatsApp,3,248,38
2026-07-11,crm,7,34,100
2026-07-11,googleadwords_int,0,1,0
2026-07-11,organic,4571,121967,0
2026-07-12,Acordo_Certo,0,0,5
2026-07-12,Blog,35,169,69
2026-07-12,CRM,16,154,0
2026-07-12,Cross_sale,164,2662,312
2026-07-12,Facebook Ads,32,201,764
2026-07-12,SMS,0,2,1
2026-07-12,Serasa,2,8,12
2026-07-12,WhatsApp,8,237,20
2026-07-12,crm,38,140,204
2026-07-12,organic,3323,87530,0
2026-07-13,Acordo_Certo,0,0,6
2026-07-13,Blog,38,198,99
2026-07-13,CRM,10,220,0
2026-07-13,Cross_sale,183,3610,413
2026-07-13,Facebook Ads,44,354,665
2026-07-13,SMS,1,4,4
2026-07-13,Serasa,0,2,9
2026-07-13,WhatsApp,3,309,11
2026-07-13,crm,43,181,268
2026-07-13,organic,5732,151262,0
2026-07-14,Acordo_Certo,0,0,9
2026-07-14,Blog,43,242,99
2026-07-14,CRM,56,454,0
2026-07-14,Cross_sale,184,3714,373
2026-07-14,Facebook Ads,45,370,621
2026-07-14,SMS,0,2,6
2026-07-14,Serasa,0,0,5
2026-07-14,WhatsApp,1,275,6
2026-07-14,crm,20,90,354
2026-07-14,organic,4793,137962,0
2026-07-15,Acordo_Certo,0,6,2
2026-07-15,Blog,57,274,127
2026-07-15,CRM,63,530,0
2026-07-15,Cross_sale,270,4360,510
2026-07-15,Facebook Ads,30,238,697
2026-07-15,SMS,0,3,1
2026-07-15,Serasa,0,7,12
2026-07-15,WhatsApp,3,251,10
2026-07-15,crm,21,84,448
2026-07-15,organic,4751,134828,0
2026-07-16,Acordo_Certo,0,3,3
2026-07-16,Blog,61,272,146
2026-07-16,CRM,26,366,0
2026-07-16,Cross_sale,190,4016,389
2026-07-16,Facebook Ads,21,179,586
2026-07-16,SMS,0,4,9
2026-07-16,Serasa,1,4,20
2026-07-16,WhatsApp,1,256,1
2026-07-16,crm,8,43,251
2026-07-16,googleadwords_int,0,1,0
2026-07-16,organic,4207,123140,0
2026-07-17,Acordo_Certo,0,3,3
2026-07-17,Blog,40,216,106
2026-07-17,CRM,15,301,0
2026-07-17,Cross_sale,194,3880,385
2026-07-17,Facebook Ads,25,201,620
2026-07-17,SMS,0,1,0
2026-07-17,Serasa,0,1,7
2026-07-17,WhatsApp,0,270,15
2026-07-17,crm,2,18,169
2026-07-17,organic,4047,128558,0
2026-07-18,Acordo_Certo,0,1,4
2026-07-18,Blog,62,301,124
2026-07-18,CRM,25,283,0
2026-07-18,Cross_sale,155,3400,284
2026-07-18,Facebook Ads,15,184,621
2026-07-18,Serasa,1,8,18
2026-07-18,WhatsApp,2,180,8
2026-07-18,crm,8,41,181
2026-07-18,organic,3356,104465,0
2026-07-19,Acordo_Certo,0,2,3
2026-07-19,Blog,41,201,90
2026-07-19,CRM,8,176,0
2026-07-19,Cross_sale,156,2811,299
2026-07-19,Facebook Ads,13,146,706
2026-07-19,SMS,0,0,4
2026-07-19,Serasa,1,5,3
2026-07-19,WhatsApp,1,117,3
2026-07-19,crm,8,39,91
2026-07-19,organic,2489,77323,0
2026-07-20,Acordo_Certo,0,1,3
2026-07-20,Blog,45,216,109
2026-07-20,CRM,54,462,0
2026-07-20,Cross_sale,163,4026,302
2026-07-20,Facebook Ads,37,295,635
2026-07-20,SMS,0,1,0
2026-07-20,Serasa,0,9,10
2026-07-20,WhatsApp,2,242,6
2026-07-20,crm,8,40,341
2026-07-20,organic,4141,136907,0
2026-07-21,Acordo_Certo,0,1,3
2026-07-21,Blog,57,300,153
2026-07-21,CRM,35,392,0
2026-07-21,Cross_sale,153,4193,317
2026-07-21,Facebook Ads,37,314,731
2026-07-21,SMS,0,3,0
2026-07-21,Serasa,2,9,18
2026-07-21,WhatsApp,1,271,2
2026-07-21,crm,3,25,253
2026-07-21,organic,4080,137095,0
2026-07-22,Blog,60,285,135
2026-07-22,CRM,38,498,0
2026-07-22,Cross_sale,101,4331,240
2026-07-22,Facebook Ads,29,218,651
2026-07-22,SMS,0,1,0
2026-07-22,Serasa,5,21,12
2026-07-22,WhatsApp,0,286,1
2026-07-22,crm,2,18,275
2026-07-22,organic,3892,142968,0
2026-07-23,Acordo_Certo,0,0,2
2026-07-23,Blog,64,288,130
2026-07-23,CRM,27,398,0
2026-07-23,Cross_sale,149,3983,320
2026-07-23,Facebook Ads,24,234,617
2026-07-23,SMS,0,1,0
2026-07-23,Serasa,1,8,6
2026-07-23,WhatsApp,1,199,3
2026-07-23,crm,16,71,159
2026-07-23,googleadwords_int,0,1,0
2026-07-23,organic,3668,122705,0
2026-07-24,Acordo_Certo,0,0,2
2026-07-24,Blog,57,270,131
2026-07-24,CRM,73,613,0
2026-07-24,Cross_sale,154,3906,329
2026-07-24,Facebook Ads,24,221,633
2026-07-24,SMS,0,3,1
2026-07-24,Serasa,0,2,12
2026-07-24,WhatsApp,0,221,5
2026-07-24,crm,15,77,459
2026-07-24,googleadwords_int,1,7,0
2026-07-24,organic,3439,115734,0
2026-07-25,Acordo_Certo,0,0,5
2026-07-25,Blog,77,365,206
2026-07-25,CRM,38,532,0
2026-07-25,Cross_sale,119,3434,224
2026-07-25,Facebook Ads,16,155,648
2026-07-25,SMS,1,3,5
2026-07-25,Serasa,1,6,8
2026-07-25,WhatsApp,1,195,6
2026-07-25,crm,2,16,254
2026-07-25,googleadwords_int,0,2,0
2026-07-25,organic,2905,98256,0
2026-07-26,Acordo_Certo,0,0,3
2026-07-26,Blog,47,230,105
2026-07-26,CRM,16,281,0
2026-07-26,Cross_sale,120,2929,231
2026-07-26,Facebook Ads,13,120,694
2026-07-26,SMS,0,0,3
2026-07-26,Serasa,0,2,3
2026-07-26,WhatsApp,0,142,0
2026-07-26,crm,7,36,88
2026-07-26,googleadwords_int,0,1,0
2026-07-26,organic,2284,73266,0
2026-07-27,Acordo_Certo,0,2,0
2026-07-27,Blog,61,295,135
2026-07-27,CRM,34,454,0
2026-07-27,Cross_sale,119,3975,258
2026-07-27,Facebook Ads,28,282,606
2026-07-27,SMS,1,4,4
2026-07-27,Serasa,0,7,6
2026-07-27,WhatsApp,0,232,4
2026-07-27,crm,16,80,279
2026-07-27,hirota,0,0,2
2026-07-27,organic,3520,127930,0
2026-07-28,Blog,47,244,153
2026-07-28,crm,4,23,130
2026-07-28,CRM,24,387,0
2026-07-28,Cross_sale,153,4249,293
2026-07-28,Facebook Ads,36,283,528
2026-07-28,organic,3718,131091,0
2026-07-28,Serasa,1,7,14
2026-07-28,SMS,0,0,1
2026-07-28,WhatsApp,0,203,2
